23:51:17.407 [main] INFO com.gadget69.catalog.CatalogApplication -- Loaded local env overrides from [C:\Users\Admin\Downloads\zenith-catalog-glow-main (1)\zenith-catalog-glow-main\backend\.env.local]
23:51:17.412 [main] WARN com.gadget69.catalog.CatalogApplication -- No external SQL connection env found; falling back to embedded H2 at ./data. Set SPRING_DATASOURCE_* for MySQL/Postgres, DATABASE_URL for Postgres, or MYSQL_* env vars to use a managed database.

  .   ____          _            __ _ _
 /\\ / ___'_ __ _ _(_)_ __  __ _ \ \ \ \
( ( )\___ | '_ | '_| | '_ \/ _` | \ \ \ \
 \\/  ___)| |_)| | | | | || (_| |  ) ) ) )
  '  |____| .__|_| |_|_| |_\__, | / / / /
 =========|_|==============|___/=/_/_/_/

 :: Spring Boot ::               (v3.5.11)

2026-04-24T23:51:18.317+05:30  INFO 13708 --- [gadget69-catalog-backend] [           main] c.gadget69.catalog.CatalogApplication    : Starting CatalogApplication v0.0.1-SNAPSHOT using Java 21.0.10 with PID 13708 (C:\Users\Admin\Downloads\zenith-catalog-glow-main (1)\zenith-catalog-glow-main\backend\target\catalog-backend-0.0.1-SNAPSHOT.jar started by Admin in C:\Users\Admin\Downloads\zenith-catalog-glow-main (1)\zenith-catalog-glow-main)
2026-04-24T23:51:18.319+05:30  INFO 13708 --- [gadget69-catalog-backend] [           main] c.gadget69.catalog.CatalogApplication    : No active profile set, falling back to 1 default profile: "default"
2026-04-24T23:51:18.322+05:30 DEBUG 13708 --- [gadget69-catalog-backend] [           main] o.s.boot.SpringApplication               : Loading source class com.gadget69.catalog.CatalogApplication
2026-04-24T23:51:18.411+05:30 DEBUG 13708 --- [gadget69-catalog-backend] [           main] ConfigServletWebServerApplicationContext : Refreshing org.springframework.boot.web.servlet.context.AnnotationConfigServletWebServerApplicationContext@542e560f
2026-04-24T23:51:19.571+05:30  INFO 13708 --- [gadget69-catalog-backend] [           main] .s.d.r.c.RepositoryConfigurationDelegate : Bootstrapping Spring Data JPA repositories in DEFAULT mode.
2026-04-24T23:51:19.589+05:30 DEBUG 13708 --- [gadget69-catalog-backend] [           main] o.s.b.a.AutoConfigurationPackages        : @EnableAutoConfiguration was declared on a class in the package 'com.gadget69.catalog'. Automatic @Repository and @Entity scanning is enabled.
2026-04-24T23:51:19.642+05:30  INFO 13708 --- [gadget69-catalog-backend] [           main] .s.d.r.c.RepositoryConfigurationDelegate : Finished Spring Data repository scanning in 66 ms. Found 11 JPA repository interfaces.
2026-04-24T23:51:20.460+05:30 DEBUG 13708 --- [gadget69-catalog-backend] [           main] .s.b.w.e.t.TomcatServletWebServerFactory : Code archive: C:\Users\Admin\Downloads\zenith-catalog-glow-main (1)\zenith-catalog-glow-main\backend\target\catalog-backend-0.0.1-SNAPSHOT.jar
2026-04-24T23:51:20.461+05:30 DEBUG 13708 --- [gadget69-catalog-backend] [           main] .s.b.w.e.t.TomcatServletWebServerFactory : Code archive: C:\Users\Admin\Downloads\zenith-catalog-glow-main (1)\zenith-catalog-glow-main\backend\target\catalog-backend-0.0.1-SNAPSHOT.jar
2026-04-24T23:51:20.462+05:30 DEBUG 13708 --- [gadget69-catalog-backend] [           main] .s.b.w.e.t.TomcatServletWebServerFactory : Document root: C:\Users\Admin\Downloads\zenith-catalog-glow-main (1)\zenith-catalog-glow-main\public
2026-04-24T23:51:20.512+05:30  INFO 13708 --- [gadget69-catalog-backend] [           main] o.s.b.w.embedded.tomcat.TomcatWebServer  : Tomcat initialized with port 8081 (http)
2026-04-24T23:51:20.532+05:30  INFO 13708 --- [gadget69-catalog-backend] [           main] o.apache.catalina.core.StandardService   : Starting service [Tomcat]
2026-04-24T23:51:20.532+05:30  INFO 13708 --- [gadget69-catalog-backend] [           main] o.apache.catalina.core.StandardEngine    : Starting Servlet engine: [Apache Tomcat/10.1.52]
2026-04-24T23:51:20.601+05:30  INFO 13708 --- [gadget69-catalog-backend] [           main] o.a.c.c.C.[Tomcat].[localhost].[/]       : Initializing Spring embedded WebApplicationContext
2026-04-24T23:51:20.605+05:30 DEBUG 13708 --- [gadget69-catalog-backend] [           main] w.s.c.ServletWebServerApplicationContext : Published root WebApplicationContext as ServletContext attribute with name [org.springframework.web.context.WebApplicationContext.ROOT]
2026-04-24T23:51:20.607+05:30  INFO 13708 --- [gadget69-catalog-backend] [           main] w.s.c.ServletWebServerApplicationContext : Root WebApplicationContext: initialization completed in 2194 ms
2026-04-24T23:51:20.670+05:30 DEBUG 13708 --- [gadget69-catalog-backend] [           main] o.s.b.w.s.ServletContextInitializerBeans : Mapping filters: characterEncodingFilter urls=[/*] order=-2147483648, formContentFilter urls=[/*] order=-9900, requestContextFilter urls=[/*] order=-105, securityHeadersFilter urls=[/*] order=1, rateLimitFilter urls=[/*] order=2147483647
2026-04-24T23:51:20.670+05:30 DEBUG 13708 --- [gadget69-catalog-backend] [           main] o.s.b.w.s.ServletContextInitializerBeans : Mapping servlets: dispatcherServlet urls=[/]
2026-04-24T23:51:20.701+05:30 DEBUG 13708 --- [gadget69-catalog-backend] [           main] o.s.b.w.s.f.OrderedRequestContextFilter  : Filter 'requestContextFilter' configured for use
2026-04-24T23:51:20.703+05:30 DEBUG 13708 --- [gadget69-catalog-backend] [           main] s.b.w.s.f.OrderedCharacterEncodingFilter : Filter 'characterEncodingFilter' configured for use
2026-04-24T23:51:20.703+05:30 DEBUG 13708 --- [gadget69-catalog-backend] [           main] o.s.b.w.s.f.OrderedFormContentFilter     : Filter 'formContentFilter' configured for use
2026-04-24T23:51:20.805+05:30 DEBUG 13708 --- [gadget69-catalog-backend] [           main] o.s.jdbc.core.JdbcTemplate               : Executing prepared SQL query
2026-04-24T23:51:20.805+05:30 DEBUG 13708 --- [gadget69-catalog-backend] [           main] o.s.jdbc.core.JdbcTemplate               : Executing prepared SQL statement [SELECT COUNT(*)
FROM information_schema.tables
WHERE UPPER(table_name) = UPPER(?)
  AND table_schema NOT IN ('information_schema', 'pg_catalog')
]
2026-04-24T23:51:20.810+05:30  INFO 13708 --- [gadget69-catalog-backend] [           main] com.zaxxer.hikari.HikariDataSource       : HikariPool-1 - Starting...
2026-04-24T23:51:21.211+05:30  INFO 13708 --- [gadget69-catalog-backend] [           main] com.zaxxer.hikari.pool.HikariPool        : HikariPool-1 - Added connection conn0: url=jdbc:h2:file:./data/gadget69db user=SA
2026-04-24T23:51:21.213+05:30  INFO 13708 --- [gadget69-catalog-backend] [           main] com.zaxxer.hikari.HikariDataSource       : HikariPool-1 - Start completed.
2026-04-24T23:51:21.262+05:30 DEBUG 13708 --- [gadget69-catalog-backend] [           main] o.s.jdbc.core.JdbcTemplate               : Executing SQL statement [ALTER TABLE admin_users ADD COLUMN IF NOT EXISTS token_version INTEGER]
2026-04-24T23:51:21.264+05:30 DEBUG 13708 --- [gadget69-catalog-backend] [           main] o.s.jdbc.core.JdbcTemplate               : Executing prepared SQL query
2026-04-24T23:51:21.264+05:30 DEBUG 13708 --- [gadget69-catalog-backend] [           main] o.s.jdbc.core.JdbcTemplate               : Executing prepared SQL statement [SELECT COUNT(*)
FROM information_schema.columns
WHERE UPPER(table_name) = UPPER(?)
  AND UPPER(column_name) = UPPER(?)
  AND table_schema NOT IN ('information_schema', 'pg_catalog')
]
2026-04-24T23:51:21.278+05:30 DEBUG 13708 --- [gadget69-catalog-backend] [           main] o.s.jdbc.core.JdbcTemplate               : Executing SQL statement [UPDATE admin_users SET token_version = 0 WHERE token_version IS NULL]
2026-04-24T23:51:21.283+05:30 DEBUG 13708 --- [gadget69-catalog-backend] [           main] o.s.jdbc.core.JdbcTemplate               : Executing prepared SQL query
2026-04-24T23:51:21.283+05:30 DEBUG 13708 --- [gadget69-catalog-backend] [           main] o.s.jdbc.core.JdbcTemplate               : Executing prepared SQL statement [SELECT COUNT(*)
FROM information_schema.tables
WHERE UPPER(table_name) = UPPER(?)
  AND table_schema NOT IN ('information_schema', 'pg_catalog')
]
2026-04-24T23:51:21.285+05:30 DEBUG 13708 --- [gadget69-catalog-backend] [           main] o.s.jdbc.core.JdbcTemplate               : Executing SQL statement [ALTER TABLE customer_orders ADD COLUMN IF NOT EXISTS email VARCHAR(255)]
2026-04-24T23:51:21.286+05:30 DEBUG 13708 --- [gadget69-catalog-backend] [           main] o.s.jdbc.core.JdbcTemplate               : Executing SQL statement [ALTER TABLE customer_orders ADD COLUMN IF NOT EXISTS currency VARCHAR(255)]
2026-04-24T23:51:21.286+05:30 DEBUG 13708 --- [gadget69-catalog-backend] [           main] o.s.jdbc.core.JdbcTemplate               : Executing SQL statement [ALTER TABLE customer_orders ADD COLUMN IF NOT EXISTS amount_paise INTEGER]
2026-04-24T23:51:21.286+05:30 DEBUG 13708 --- [gadget69-catalog-backend] [           main] o.s.jdbc.core.JdbcTemplate               : Executing SQL statement [ALTER TABLE customer_orders ADD COLUMN IF NOT EXISTS customer_phone VARCHAR(255)]
2026-04-24T23:51:21.286+05:30 DEBUG 13708 --- [gadget69-catalog-backend] [           main] o.s.jdbc.core.JdbcTemplate               : Executing SQL statement [ALTER TABLE customer_orders ADD COLUMN IF NOT EXISTS payment_status VARCHAR(255)]
2026-04-24T23:51:21.286+05:30 DEBUG 13708 --- [gadget69-catalog-backend] [           main] o.s.jdbc.core.JdbcTemplate               : Executing SQL statement [ALTER TABLE customer_orders ADD COLUMN IF NOT EXISTS order_status VARCHAR(255)]
2026-04-24T23:51:21.288+05:30 DEBUG 13708 --- [gadget69-catalog-backend] [           main] o.s.jdbc.core.JdbcTemplate               : Executing SQL statement [ALTER TABLE customer_orders ADD COLUMN IF NOT EXISTS updated_at TIMESTAMP]
2026-04-24T23:51:21.288+05:30 DEBUG 13708 --- [gadget69-catalog-backend] [           main] o.s.jdbc.core.JdbcTemplate               : Executing SQL statement [ALTER TABLE customer_orders ADD COLUMN IF NOT EXISTS is_deleted BOOLEAN]
2026-04-24T23:51:21.288+05:30 DEBUG 13708 --- [gadget69-catalog-backend] [           main] o.s.jdbc.core.JdbcTemplate               : Executing SQL statement [ALTER TABLE customer_orders ADD COLUMN IF NOT EXISTS razorpay_order_id VARCHAR(255)]
2026-04-24T23:51:21.289+05:30 DEBUG 13708 --- [gadget69-catalog-backend] [           main] o.s.jdbc.core.JdbcTemplate               : Executing SQL statement [ALTER TABLE customer_orders ADD COLUMN IF NOT EXISTS razorpay_payment_id VARCHAR(255)]
2026-04-24T23:51:21.289+05:30 DEBUG 13708 --- [gadget69-catalog-backend] [           main] o.s.jdbc.core.JdbcTemplate               : Executing SQL statement [ALTER TABLE customer_orders ADD COLUMN IF NOT EXISTS razorpay_signature VARCHAR(512)]
2026-04-24T23:51:21.289+05:30 DEBUG 13708 --- [gadget69-catalog-backend] [           main] o.s.jdbc.core.JdbcTemplate               : Executing SQL statement [ALTER TABLE customer_orders ADD COLUMN IF NOT EXISTS last_razorpay_event_id VARCHAR(255)]
2026-04-24T23:51:21.290+05:30 DEBUG 13708 --- [gadget69-catalog-backend] [           main] o.s.jdbc.core.JdbcTemplate               : Executing prepared SQL query
2026-04-24T23:51:21.290+05:30 DEBUG 13708 --- [gadget69-catalog-backend] [           main] o.s.jdbc.core.JdbcTemplate               : Executing prepared SQL statement [SELECT COUNT(*)
FROM information_schema.columns
WHERE UPPER(table_name) = UPPER(?)
  AND UPPER(column_name) = UPPER(?)
  AND table_schema NOT IN ('information_schema', 'pg_catalog')
]
2026-04-24T23:51:21.295+05:30 DEBUG 13708 --- [gadget69-catalog-backend] [           main] o.s.jdbc.core.JdbcTemplate               : Executing prepared SQL query
2026-04-24T23:51:21.296+05:30 DEBUG 13708 --- [gadget69-catalog-backend] [           main] o.s.jdbc.core.JdbcTemplate               : Executing prepared SQL statement [SELECT COUNT(*)
FROM information_schema.columns
WHERE UPPER(table_name) = UPPER(?)
  AND UPPER(column_name) = UPPER(?)
  AND table_schema NOT IN ('information_schema', 'pg_catalog')
]
2026-04-24T23:51:21.302+05:30 DEBUG 13708 --- [gadget69-catalog-backend] [           main] o.s.jdbc.core.JdbcTemplate               : Executing prepared SQL query
2026-04-24T23:51:21.303+05:30 DEBUG 13708 --- [gadget69-catalog-backend] [           main] o.s.jdbc.core.JdbcTemplate               : Executing prepared SQL statement [SELECT COUNT(*)
FROM information_schema.columns
WHERE UPPER(table_name) = UPPER(?)
  AND UPPER(column_name) = UPPER(?)
  AND table_schema NOT IN ('information_schema', 'pg_catalog')
]
2026-04-24T23:51:21.309+05:30 DEBUG 13708 --- [gadget69-catalog-backend] [           main] o.s.jdbc.core.JdbcTemplate               : Executing SQL statement [UPDATE customer_orders SET updated_at = created_at WHERE updated_at IS NULL]
2026-04-24T23:51:21.310+05:30 DEBUG 13708 --- [gadget69-catalog-backend] [           main] o.s.jdbc.core.JdbcTemplate               : Executing prepared SQL query
2026-04-24T23:51:21.310+05:30 DEBUG 13708 --- [gadget69-catalog-backend] [           main] o.s.jdbc.core.JdbcTemplate               : Executing prepared SQL statement [SELECT COUNT(*)
FROM information_schema.columns
WHERE UPPER(table_name) = UPPER(?)
  AND UPPER(column_name) = UPPER(?)
  AND table_schema NOT IN ('information_schema', 'pg_catalog')
]
2026-04-24T23:51:21.313+05:30 DEBUG 13708 --- [gadget69-catalog-backend] [           main] o.s.jdbc.core.JdbcTemplate               : Executing SQL statement [UPDATE customer_orders SET is_deleted = FALSE WHERE is_deleted IS NULL]
2026-04-24T23:51:21.314+05:30 DEBUG 13708 --- [gadget69-catalog-backend] [           main] o.s.jdbc.core.JdbcTemplate               : Executing prepared SQL query
2026-04-24T23:51:21.315+05:30 DEBUG 13708 --- [gadget69-catalog-backend] [           main] o.s.jdbc.core.JdbcTemplate               : Executing prepared SQL statement [SELECT COUNT(*)
FROM information_schema.columns
WHERE UPPER(table_name) = UPPER(?)
  AND UPPER(column_name) = UPPER(?)
  AND table_schema NOT IN ('information_schema', 'pg_catalog')
]
2026-04-24T23:51:21.317+05:30 DEBUG 13708 --- [gadget69-catalog-backend] [           main] o.s.jdbc.core.JdbcTemplate               : Executing SQL statement [UPDATE customer_orders SET currency = 'INR' WHERE currency IS NULL OR TRIM(currency) = '']
2026-04-24T23:51:21.318+05:30 DEBUG 13708 --- [gadget69-catalog-backend] [           main] o.s.jdbc.core.JdbcTemplate               : Executing prepared SQL query
2026-04-24T23:51:21.319+05:30 DEBUG 13708 --- [gadget69-catalog-backend] [           main] o.s.jdbc.core.JdbcTemplate               : Executing prepared SQL statement [SELECT COUNT(*)
FROM information_schema.columns
WHERE UPPER(table_name) = UPPER(?)
  AND UPPER(column_name) = UPPER(?)
  AND table_schema NOT IN ('information_schema', 'pg_catalog')
]
2026-04-24T23:51:21.324+05:30 DEBUG 13708 --- [gadget69-catalog-backend] [           main] o.s.jdbc.core.JdbcTemplate               : Executing SQL statement [UPDATE customer_orders SET payment_status = 'SUCCESS' WHERE UPPER(TRIM(payment_status)) IN ('PAID', 'CAPTURED')]
2026-04-24T23:51:21.325+05:30 DEBUG 13708 --- [gadget69-catalog-backend] [           main] o.s.jdbc.core.JdbcTemplate               : Executing SQL statement [UPDATE customer_orders SET payment_status = 'PENDING' WHERE payment_status IS NULL OR TRIM(payment_status) = '' OR UPPER(TRIM(payment_status)) = 'AUTHORIZED']
2026-04-24T23:51:21.326+05:30 DEBUG 13708 --- [gadget69-catalog-backend] [           main] o.s.jdbc.core.JdbcTemplate               : Executing prepared SQL query
2026-04-24T23:51:21.326+05:30 DEBUG 13708 --- [gadget69-catalog-backend] [           main] o.s.jdbc.core.JdbcTemplate               : Executing prepared SQL statement [SELECT COUNT(*)
FROM information_schema.columns
WHERE UPPER(table_name) = UPPER(?)
  AND UPPER(column_name) = UPPER(?)
  AND table_schema NOT IN ('information_schema', 'pg_catalog')
]
2026-04-24T23:51:21.328+05:30 DEBUG 13708 --- [gadget69-catalog-backend] [           main] o.s.jdbc.core.JdbcTemplate               : Executing SQL statement [UPDATE customer_orders SET order_status = 'PENDING' WHERE order_status IS NULL OR TRIM(order_status) = '' OR UPPER(TRIM(order_status)) = 'PLACED']
2026-04-24T23:51:21.329+05:30 DEBUG 13708 --- [gadget69-catalog-backend] [           main] o.s.jdbc.core.JdbcTemplate               : Executing SQL statement [UPDATE customer_orders SET order_status = 'OUT_FOR_DELIVERY' WHERE UPPER(TRIM(order_status)) = 'OUT FOR DELIVERY']
2026-04-24T23:51:21.330+05:30 DEBUG 13708 --- [gadget69-catalog-backend] [           main] o.s.jdbc.core.JdbcTemplate               : Executing prepared SQL query
2026-04-24T23:51:21.330+05:30 DEBUG 13708 --- [gadget69-catalog-backend] [           main] o.s.jdbc.core.JdbcTemplate               : Executing prepared SQL statement [SELECT COUNT(*)
FROM information_schema.columns
WHERE UPPER(table_name) = UPPER(?)
  AND UPPER(column_name) = UPPER(?)
  AND table_schema NOT IN ('information_schema', 'pg_catalog')
]
2026-04-24T23:51:21.332+05:30 DEBUG 13708 --- [gadget69-catalog-backend] [           main] o.s.jdbc.core.JdbcTemplate               : Executing SQL statement [CREATE INDEX IF NOT EXISTS idx_customer_orders_created_at ON customer_orders (created_at)]
2026-04-24T23:51:21.332+05:30 DEBUG 13708 --- [gadget69-catalog-backend] [           main] o.s.jdbc.core.JdbcTemplate               : Executing prepared SQL query
2026-04-24T23:51:21.332+05:30 DEBUG 13708 --- [gadget69-catalog-backend] [           main] o.s.jdbc.core.JdbcTemplate               : Executing prepared SQL statement [SELECT COUNT(*)
FROM information_schema.columns
WHERE UPPER(table_name) = UPPER(?)
  AND UPPER(column_name) = UPPER(?)
  AND table_schema NOT IN ('information_schema', 'pg_catalog')
]
2026-04-24T23:51:21.336+05:30 DEBUG 13708 --- [gadget69-catalog-backend] [           main] o.s.jdbc.core.JdbcTemplate               : Executing SQL statement [CREATE INDEX IF NOT EXISTS idx_customer_orders_customer_phone ON customer_orders (customer_phone)]
2026-04-24T23:51:21.336+05:30 DEBUG 13708 --- [gadget69-catalog-backend] [           main] o.s.jdbc.core.JdbcTemplate               : Executing prepared SQL query
2026-04-24T23:51:21.336+05:30 DEBUG 13708 --- [gadget69-catalog-backend] [           main] o.s.jdbc.core.JdbcTemplate               : Executing prepared SQL statement [SELECT COUNT(*)
FROM information_schema.columns
WHERE UPPER(table_name) = UPPER(?)
  AND UPPER(column_name) = UPPER(?)
  AND table_schema NOT IN ('information_schema', 'pg_catalog')
]
2026-04-24T23:51:21.339+05:30 DEBUG 13708 --- [gadget69-catalog-backend] [           main] o.s.jdbc.core.JdbcTemplate               : Executing SQL statement [CREATE INDEX IF NOT EXISTS idx_customer_orders_order_status ON customer_orders (order_status)]
2026-04-24T23:51:21.340+05:30 DEBUG 13708 --- [gadget69-catalog-backend] [           main] o.s.jdbc.core.JdbcTemplate               : Executing prepared SQL query
2026-04-24T23:51:21.340+05:30 DEBUG 13708 --- [gadget69-catalog-backend] [           main] o.s.jdbc.core.JdbcTemplate               : Executing prepared SQL statement [SELECT COUNT(*)
FROM information_schema.columns
WHERE UPPER(table_name) = UPPER(?)
  AND UPPER(column_name) = UPPER(?)
  AND table_schema NOT IN ('information_schema', 'pg_catalog')
]
2026-04-24T23:51:21.342+05:30 DEBUG 13708 --- [gadget69-catalog-backend] [           main] o.s.jdbc.core.JdbcTemplate               : Executing SQL statement [CREATE INDEX IF NOT EXISTS idx_customer_orders_payment_status ON customer_orders (payment_status)]
2026-04-24T23:51:21.343+05:30 DEBUG 13708 --- [gadget69-catalog-backend] [           main] o.s.jdbc.core.JdbcTemplate               : Executing prepared SQL query
2026-04-24T23:51:21.343+05:30 DEBUG 13708 --- [gadget69-catalog-backend] [           main] o.s.jdbc.core.JdbcTemplate               : Executing prepared SQL statement [SELECT COUNT(*)
FROM information_schema.columns
WHERE UPPER(table_name) = UPPER(?)
  AND UPPER(column_name) = UPPER(?)
  AND table_schema NOT IN ('information_schema', 'pg_catalog')
]
2026-04-24T23:51:21.346+05:30 DEBUG 13708 --- [gadget69-catalog-backend] [           main] o.s.jdbc.core.JdbcTemplate               : Executing SQL statement [CREATE INDEX IF NOT EXISTS idx_customer_orders_is_deleted ON customer_orders (is_deleted)]
2026-04-24T23:51:21.347+05:30 DEBUG 13708 --- [gadget69-catalog-backend] [           main] o.s.jdbc.core.JdbcTemplate               : Executing prepared SQL query
2026-04-24T23:51:21.347+05:30 DEBUG 13708 --- [gadget69-catalog-backend] [           main] o.s.jdbc.core.JdbcTemplate               : Executing prepared SQL statement [SELECT COUNT(*)
FROM information_schema.tables
WHERE UPPER(table_name) = UPPER(?)
  AND table_schema NOT IN ('information_schema', 'pg_catalog')
]
2026-04-24T23:51:21.350+05:30 DEBUG 13708 --- [gadget69-catalog-backend] [           main] o.s.jdbc.core.JdbcTemplate               : Executing SQL statement [ALTER TABLE order_items ADD COLUMN IF NOT EXISTS variant_id BIGINT]
2026-04-24T23:51:21.356+05:30 DEBUG 13708 --- [gadget69-catalog-backend] [           main] o.s.jdbc.core.JdbcTemplate               : Executing SQL statement [ALTER TABLE order_items ADD COLUMN IF NOT EXISTS variant_color VARCHAR(255)]
2026-04-24T23:51:21.356+05:30 DEBUG 13708 --- [gadget69-catalog-backend] [           main] o.s.jdbc.core.JdbcTemplate               : Executing SQL statement [ALTER TABLE order_items ADD COLUMN IF NOT EXISTS variant_size VARCHAR(255)]
2026-04-24T23:51:21.357+05:30 DEBUG 13708 --- [gadget69-catalog-backend] [           main] o.s.jdbc.core.JdbcTemplate               : Executing prepared SQL query
2026-04-24T23:51:21.358+05:30 DEBUG 13708 --- [gadget69-catalog-backend] [           main] o.s.jdbc.core.JdbcTemplate               : Executing prepared SQL statement [SELECT COUNT(*)
FROM information_schema.tables
WHERE UPPER(table_name) = UPPER(?)
  AND table_schema NOT IN ('information_schema', 'pg_catalog')
]
2026-04-24T23:51:21.359+05:30 DEBUG 13708 --- [gadget69-catalog-backend] [           main] o.s.jdbc.core.JdbcTemplate               : Executing prepared SQL query
2026-04-24T23:51:21.360+05:30 DEBUG 13708 --- [gadget69-catalog-backend] [           main] o.s.jdbc.core.JdbcTemplate               : Executing prepared SQL statement [SELECT COUNT(*)
FROM information_schema.tables
WHERE UPPER(table_name) = UPPER(?)
  AND table_schema NOT IN ('information_schema', 'pg_catalog')
]
2026-04-24T23:51:21.361+05:30 DEBUG 13708 --- [gadget69-catalog-backend] [           main] o.s.jdbc.core.JdbcTemplate               : Executing prepared SQL query
2026-04-24T23:51:21.361+05:30 DEBUG 13708 --- [gadget69-catalog-backend] [           main] o.s.jdbc.core.JdbcTemplate               : Executing prepared SQL statement [SELECT COUNT(*)
FROM information_schema.tables
WHERE UPPER(table_name) = UPPER(?)
  AND table_schema NOT IN ('information_schema', 'pg_catalog')
]
2026-04-24T23:51:21.362+05:30 DEBUG 13708 --- [gadget69-catalog-backend] [           main] o.s.jdbc.core.JdbcTemplate               : Executing prepared SQL query
2026-04-24T23:51:21.363+05:30 DEBUG 13708 --- [gadget69-catalog-backend] [           main] o.s.jdbc.core.JdbcTemplate               : Executing prepared SQL statement [SELECT COUNT(*)
FROM information_schema.columns
WHERE UPPER(table_name) = UPPER(?)
  AND UPPER(column_name) = UPPER(?)
  AND table_schema NOT IN ('information_schema', 'pg_catalog')
]
2026-04-24T23:51:21.365+05:30 DEBUG 13708 --- [gadget69-catalog-backend] [           main] o.s.jdbc.core.JdbcTemplate               : Executing prepared SQL query
2026-04-24T23:51:21.366+05:30 DEBUG 13708 --- [gadget69-catalog-backend] [           main] o.s.jdbc.core.JdbcTemplate               : Executing prepared SQL statement [SELECT COUNT(*)
FROM information_schema.columns
WHERE UPPER(table_name) = UPPER(?)
  AND UPPER(column_name) = UPPER(?)
  AND table_schema NOT IN ('information_schema', 'pg_catalog')
]
2026-04-24T23:51:21.368+05:30 DEBUG 13708 --- [gadget69-catalog-backend] [           main] o.s.jdbc.core.JdbcTemplate               : Executing prepared SQL query
2026-04-24T23:51:21.369+05:30 DEBUG 13708 --- [gadget69-catalog-backend] [           main] o.s.jdbc.core.JdbcTemplate               : Executing prepared SQL statement [SELECT COUNT(*)
FROM information_schema.columns
WHERE UPPER(table_name) = UPPER(?)
  AND UPPER(column_name) = UPPER(?)
  AND table_schema NOT IN ('information_schema', 'pg_catalog')
]
2026-04-24T23:51:21.371+05:30 DEBUG 13708 --- [gadget69-catalog-backend] [           main] o.s.jdbc.core.JdbcTemplate               : Executing prepared SQL query
2026-04-24T23:51:21.372+05:30 DEBUG 13708 --- [gadget69-catalog-backend] [           main] o.s.jdbc.core.JdbcTemplate               : Executing prepared SQL statement [SELECT COUNT(*)
FROM information_schema.columns
WHERE UPPER(table_name) = UPPER(?)
  AND UPPER(column_name) = UPPER(?)
  AND table_schema NOT IN ('information_schema', 'pg_catalog')
]
2026-04-24T23:51:21.374+05:30 DEBUG 13708 --- [gadget69-catalog-backend] [           main] o.s.jdbc.core.JdbcTemplate               : Executing prepared SQL query
2026-04-24T23:51:21.374+05:30 DEBUG 13708 --- [gadget69-catalog-backend] [           main] o.s.jdbc.core.JdbcTemplate               : Executing prepared SQL statement [SELECT COUNT(*)
FROM information_schema.columns
WHERE UPPER(table_name) = UPPER(?)
  AND UPPER(column_name) = UPPER(?)
  AND table_schema NOT IN ('information_schema', 'pg_catalog')
]
2026-04-24T23:51:21.376+05:30 DEBUG 13708 --- [gadget69-catalog-backend] [           main] o.s.jdbc.core.JdbcTemplate               : Executing prepared SQL query
2026-04-24T23:51:21.376+05:30 DEBUG 13708 --- [gadget69-catalog-backend] [           main] o.s.jdbc.core.JdbcTemplate               : Executing prepared SQL statement [SELECT COUNT(*)
FROM information_schema.columns
WHERE UPPER(table_name) = UPPER(?)
  AND UPPER(column_name) = UPPER(?)
  AND table_schema NOT IN ('information_schema', 'pg_catalog')
]
2026-04-24T23:51:21.379+05:30 DEBUG 13708 --- [gadget69-catalog-backend] [           main] o.s.jdbc.core.JdbcTemplate               : Executing prepared SQL query
2026-04-24T23:51:21.379+05:30 DEBUG 13708 --- [gadget69-catalog-backend] [           main] o.s.jdbc.core.JdbcTemplate               : Executing prepared SQL statement [SELECT COUNT(*)
FROM information_schema.columns
WHERE UPPER(table_name) = UPPER(?)
  AND UPPER(column_name) = UPPER(?)
  AND table_schema NOT IN ('information_schema', 'pg_catalog')
]
2026-04-24T23:51:21.381+05:30 DEBUG 13708 --- [gadget69-catalog-backend] [           main] o.s.jdbc.core.JdbcTemplate               : Executing prepared SQL query
2026-04-24T23:51:21.381+05:30 DEBUG 13708 --- [gadget69-catalog-backend] [           main] o.s.jdbc.core.JdbcTemplate               : Executing prepared SQL statement [SELECT COUNT(*)
FROM information_schema.columns
WHERE UPPER(table_name) = UPPER(?)
  AND UPPER(column_name) = UPPER(?)
  AND table_schema NOT IN ('information_schema', 'pg_catalog')
]
2026-04-24T23:51:21.383+05:30 DEBUG 13708 --- [gadget69-catalog-backend] [           main] o.s.jdbc.core.JdbcTemplate               : Executing prepared SQL query
2026-04-24T23:51:21.383+05:30 DEBUG 13708 --- [gadget69-catalog-backend] [           main] o.s.jdbc.core.JdbcTemplate               : Executing prepared SQL statement [SELECT COUNT(*)
FROM information_schema.columns
WHERE UPPER(table_name) = UPPER(?)
  AND UPPER(column_name) = UPPER(?)
  AND table_schema NOT IN ('information_schema', 'pg_catalog')
]
2026-04-24T23:51:21.385+05:30 DEBUG 13708 --- [gadget69-catalog-backend] [           main] o.s.jdbc.core.JdbcTemplate               : Executing prepared SQL query
2026-04-24T23:51:21.386+05:30 DEBUG 13708 --- [gadget69-catalog-backend] [           main] o.s.jdbc.core.JdbcTemplate               : Executing prepared SQL statement [SELECT COUNT(*)
FROM information_schema.columns
WHERE UPPER(table_name) = UPPER(?)
  AND UPPER(column_name) = UPPER(?)
  AND table_schema NOT IN ('information_schema', 'pg_catalog')
]
2026-04-24T23:51:21.388+05:30 DEBUG 13708 --- [gadget69-catalog-backend] [           main] o.s.jdbc.core.JdbcTemplate               : Executing prepared SQL query
2026-04-24T23:51:21.389+05:30 DEBUG 13708 --- [gadget69-catalog-backend] [           main] o.s.jdbc.core.JdbcTemplate               : Executing prepared SQL statement [SELECT COUNT(*)
FROM information_schema.columns
WHERE UPPER(table_name) = UPPER(?)
  AND UPPER(column_name) = UPPER(?)
  AND table_schema NOT IN ('information_schema', 'pg_catalog')
]
2026-04-24T23:51:21.391+05:30 DEBUG 13708 --- [gadget69-catalog-backend] [           main] o.s.jdbc.core.JdbcTemplate               : Executing prepared SQL query
2026-04-24T23:51:21.392+05:30 DEBUG 13708 --- [gadget69-catalog-backend] [           main] o.s.jdbc.core.JdbcTemplate               : Executing prepared SQL statement [SELECT COUNT(*)
FROM information_schema.columns
WHERE UPPER(table_name) = UPPER(?)
  AND UPPER(column_name) = UPPER(?)
  AND table_schema NOT IN ('information_schema', 'pg_catalog')
]
2026-04-24T23:51:21.395+05:30 DEBUG 13708 --- [gadget69-catalog-backend] [           main] o.s.jdbc.core.JdbcTemplate               : Executing prepared SQL query
2026-04-24T23:51:21.395+05:30 DEBUG 13708 --- [gadget69-catalog-backend] [           main] o.s.jdbc.core.JdbcTemplate               : Executing prepared SQL statement [SELECT COUNT(*)
FROM information_schema.columns
WHERE UPPER(table_name) = UPPER(?)
  AND UPPER(column_name) = UPPER(?)
  AND table_schema NOT IN ('information_schema', 'pg_catalog')
]
2026-04-24T23:51:21.397+05:30 DEBUG 13708 --- [gadget69-catalog-backend] [           main] o.s.jdbc.core.JdbcTemplate               : Executing prepared SQL query
2026-04-24T23:51:21.398+05:30 DEBUG 13708 --- [gadget69-catalog-backend] [           main] o.s.jdbc.core.JdbcTemplate               : Executing prepared SQL statement [SELECT COUNT(*)
FROM information_schema.columns
WHERE UPPER(table_name) = UPPER(?)
  AND UPPER(column_name) = UPPER(?)
  AND table_schema NOT IN ('information_schema', 'pg_catalog')
]
2026-04-24T23:51:21.400+05:30 DEBUG 13708 --- [gadget69-catalog-backend] [           main] o.s.jdbc.core.JdbcTemplate               : Executing prepared SQL query
2026-04-24T23:51:21.401+05:30 DEBUG 13708 --- [gadget69-catalog-backend] [           main] o.s.jdbc.core.JdbcTemplate               : Executing prepared SQL statement [SELECT COUNT(*)
FROM information_schema.columns
WHERE UPPER(table_name) = UPPER(?)
  AND UPPER(column_name) = UPPER(?)
  AND table_schema NOT IN ('information_schema', 'pg_catalog')
]
2026-04-24T23:51:21.404+05:30 DEBUG 13708 --- [gadget69-catalog-backend] [           main] o.s.jdbc.core.JdbcTemplate               : Executing prepared SQL query
2026-04-24T23:51:21.405+05:30 DEBUG 13708 --- [gadget69-catalog-backend] [           main] o.s.jdbc.core.JdbcTemplate               : Executing prepared SQL statement [SELECT COUNT(*)
FROM information_schema.columns
WHERE UPPER(table_name) = UPPER(?)
  AND UPPER(column_name) = UPPER(?)
  AND table_schema NOT IN ('information_schema', 'pg_catalog')
]
2026-04-24T23:51:21.408+05:30 DEBUG 13708 --- [gadget69-catalog-backend] [           main] o.s.jdbc.core.JdbcTemplate               : Executing prepared SQL query
2026-04-24T23:51:21.408+05:30 DEBUG 13708 --- [gadget69-catalog-backend] [           main] o.s.jdbc.core.JdbcTemplate               : Executing prepared SQL statement [SELECT COUNT(*)
FROM information_schema.columns
WHERE UPPER(table_name) = UPPER(?)
  AND UPPER(column_name) = UPPER(?)
  AND table_schema NOT IN ('information_schema', 'pg_catalog')
]
2026-04-24T23:51:21.410+05:30 DEBUG 13708 --- [gadget69-catalog-backend] [           main] o.s.jdbc.core.JdbcTemplate               : Executing prepared SQL query
2026-04-24T23:51:21.410+05:30 DEBUG 13708 --- [gadget69-catalog-backend] [           main] o.s.jdbc.core.JdbcTemplate               : Executing prepared SQL statement [SELECT COUNT(*)
FROM information_schema.tables
WHERE UPPER(table_name) = UPPER(?)
  AND table_schema NOT IN ('information_schema', 'pg_catalog')
]
2026-04-24T23:51:21.412+05:30 DEBUG 13708 --- [gadget69-catalog-backend] [           main] o.s.jdbc.core.JdbcTemplate               : Executing prepared SQL query
2026-04-24T23:51:21.413+05:30 DEBUG 13708 --- [gadget69-catalog-backend] [           main] o.s.jdbc.core.JdbcTemplate               : Executing prepared SQL statement [SELECT COUNT(*)
FROM information_schema.columns
WHERE UPPER(table_name) = UPPER(?)
  AND UPPER(column_name) = UPPER(?)
  AND table_schema NOT IN ('information_schema', 'pg_catalog')
]
2026-04-24T23:51:21.415+05:30 DEBUG 13708 --- [gadget69-catalog-backend] [           main] o.s.jdbc.core.JdbcTemplate               : Executing prepared SQL query
2026-04-24T23:51:21.416+05:30 DEBUG 13708 --- [gadget69-catalog-backend] [           main] o.s.jdbc.core.JdbcTemplate               : Executing prepared SQL statement [SELECT COUNT(*)
FROM information_schema.columns
WHERE UPPER(table_name) = UPPER(?)
  AND UPPER(column_name) = UPPER(?)
  AND table_schema NOT IN ('information_schema', 'pg_catalog')
]
2026-04-24T23:51:21.418+05:30 DEBUG 13708 --- [gadget69-catalog-backend] [           main] o.s.jdbc.core.JdbcTemplate               : Executing prepared SQL query
2026-04-24T23:51:21.419+05:30 DEBUG 13708 --- [gadget69-catalog-backend] [           main] o.s.jdbc.core.JdbcTemplate               : Executing prepared SQL statement [SELECT COUNT(*)
FROM information_schema.columns
WHERE UPPER(table_name) = UPPER(?)
  AND UPPER(column_name) = UPPER(?)
  AND table_schema NOT IN ('information_schema', 'pg_catalog')
]
2026-04-24T23:51:21.421+05:30 DEBUG 13708 --- [gadget69-catalog-backend] [           main] o.s.jdbc.core.JdbcTemplate               : Executing prepared SQL query
2026-04-24T23:51:21.421+05:30 DEBUG 13708 --- [gadget69-catalog-backend] [           main] o.s.jdbc.core.JdbcTemplate               : Executing prepared SQL statement [SELECT COUNT(*)
FROM information_schema.columns
WHERE UPPER(table_name) = UPPER(?)
  AND UPPER(column_name) = UPPER(?)
  AND table_schema NOT IN ('information_schema', 'pg_catalog')
]
2026-04-24T23:51:21.424+05:30 DEBUG 13708 --- [gadget69-catalog-backend] [           main] o.s.jdbc.core.JdbcTemplate               : Executing prepared SQL query
2026-04-24T23:51:21.424+05:30 DEBUG 13708 --- [gadget69-catalog-backend] [           main] o.s.jdbc.core.JdbcTemplate               : Executing prepared SQL statement [SELECT COUNT(*)
FROM information_schema.columns
WHERE UPPER(table_name) = UPPER(?)
  AND UPPER(column_name) = UPPER(?)
  AND table_schema NOT IN ('information_schema', 'pg_catalog')
]
2026-04-24T23:51:21.426+05:30 DEBUG 13708 --- [gadget69-catalog-backend] [           main] o.s.jdbc.core.JdbcTemplate               : Executing prepared SQL query
2026-04-24T23:51:21.426+05:30 DEBUG 13708 --- [gadget69-catalog-backend] [           main] o.s.jdbc.core.JdbcTemplate               : Executing prepared SQL statement [SELECT COUNT(*)
FROM information_schema.columns
WHERE UPPER(table_name) = UPPER(?)
  AND UPPER(column_name) = UPPER(?)
  AND table_schema NOT IN ('information_schema', 'pg_catalog')
]
2026-04-24T23:51:21.427+05:30 DEBUG 13708 --- [gadget69-catalog-backend] [           main] o.s.jdbc.core.JdbcTemplate               : Executing prepared SQL query
2026-04-24T23:51:21.427+05:30 DEBUG 13708 --- [gadget69-catalog-backend] [           main] o.s.jdbc.core.JdbcTemplate               : Executing prepared SQL statement [SELECT COUNT(*)
FROM information_schema.columns
WHERE UPPER(table_name) = UPPER(?)
  AND UPPER(column_name) = UPPER(?)
  AND table_schema NOT IN ('information_schema', 'pg_catalog')
]
2026-04-24T23:51:21.429+05:30 DEBUG 13708 --- [gadget69-catalog-backend] [           main] o.s.jdbc.core.JdbcTemplate               : Executing prepared SQL query
2026-04-24T23:51:21.430+05:30 DEBUG 13708 --- [gadget69-catalog-backend] [           main] o.s.jdbc.core.JdbcTemplate               : Executing prepared SQL statement [SELECT COUNT(*)
FROM information_schema.columns
WHERE UPPER(table_name) = UPPER(?)
  AND UPPER(column_name) = UPPER(?)
  AND table_schema NOT IN ('information_schema', 'pg_catalog')
]
2026-04-24T23:51:21.539+05:30  INFO 13708 --- [gadget69-catalog-backend] [           main] o.hibernate.jpa.internal.util.LogHelper  : HHH000204: Processing PersistenceUnitInfo [name: default]
2026-04-24T23:51:21.606+05:30  INFO 13708 --- [gadget69-catalog-backend] [           main] org.hibernate.Version                    : HHH000412: Hibernate ORM core version 6.6.42.Final
2026-04-24T23:51:21.660+05:30  INFO 13708 --- [gadget69-catalog-backend] [           main] o.h.c.internal.RegionFactoryInitiator    : HHH000026: Second-level cache disabled
2026-04-24T23:51:21.974+05:30  INFO 13708 --- [gadget69-catalog-backend] [           main] o.s.o.j.p.SpringPersistenceUnitInfo      : No LoadTimeWeaver setup: ignoring JPA class transformer
2026-04-24T23:51:22.075+05:30  INFO 13708 --- [gadget69-catalog-backend] [           main] org.hibernate.orm.connections.pooling    : HHH10001005: Database info:
	Database JDBC URL [Connecting through datasource 'HikariDataSource (HikariPool-1)']
	Database driver: undefined/unknown
	Database version: 2.3.232
	Autocommit mode: undefined/unknown
	Isolation level: undefined/unknown
	Minimum pool size: undefined/unknown
	Maximum pool size: undefined/unknown
2026-04-24T23:51:23.970+05:30  INFO 13708 --- [gadget69-catalog-backend] [           main] o.h.e.t.j.p.i.JtaPlatformInitiator       : HHH000489: No JTA platform available (set 'hibernate.transaction.jta.platform' to enable JTA platform integration)
2026-04-24T23:51:24.014+05:30  INFO 13708 --- [gadget69-catalog-backend] [           main] j.LocalContainerEntityManagerFactoryBean : Initialized JPA EntityManagerFactory for persistence unit 'default'
2026-04-24T23:51:24.586+05:30  INFO 13708 --- [gadget69-catalog-backend] [           main] o.s.d.j.r.query.QueryEnhancerFactory     : Hibernate is in classpath; If applicable, HQL parser will be used.
2026-04-24T23:51:25.640+05:30  INFO 13708 --- [gadget69-catalog-backend] [           main] c.g.c.service.RazorpayPaymentService     : Razorpay checkout is enabled and API keys are configured.
2026-04-24T23:51:25.882+05:30 DEBUG 13708 --- [gadget69-catalog-backend] [           main] s.w.s.m.m.a.RequestMappingHandlerMapping : 71 mappings in 'requestMappingHandlerMapping'
2026-04-24T23:51:25.934+05:30 DEBUG 13708 --- [gadget69-catalog-backend] [           main] o.s.w.s.handler.SimpleUrlHandlerMapping  : Patterns [/webjars/**, /**, /uploads/**] in 'resourceHandlerMapping'
2026-04-24T23:51:25.977+05:30 DEBUG 13708 --- [gadget69-catalog-backend] [           main] s.w.s.m.m.a.RequestMappingHandlerAdapter : ControllerAdvice beans: 0 @ModelAttribute, 0 @InitBinder, 1 RequestBodyAdvice, 1 ResponseBodyAdvice
2026-04-24T23:51:26.052+05:30 DEBUG 13708 --- [gadget69-catalog-backend] [           main] .m.m.a.ExceptionHandlerExceptionResolver : ControllerAdvice beans: 1 @ExceptionHandler, 1 ResponseBodyAdvice
2026-04-24T23:51:26.179+05:30  INFO 13708 --- [gadget69-catalog-backend] [           main] o.s.b.w.embedded.tomcat.TomcatWebServer  : Tomcat started on port 8081 (http) with context path '/'
2026-04-24T23:51:26.195+05:30 DEBUG 13708 --- [gadget69-catalog-backend] [           main] .s.b.a.l.ConditionEvaluationReportLogger : 


============================
CONDITIONS EVALUATION REPORT
============================


Positive matches:
-----------------

   AopAutoConfiguration matched:
      - @ConditionalOnBooleanProperty (spring.aop.auto=true) matched (OnPropertyCondition)

   AopAutoConfiguration.AspectJAutoProxyingConfiguration matched:
      - @ConditionalOnClass found required class 'org.aspectj.weaver.Advice' (OnClassCondition)

   AopAutoConfiguration.AspectJAutoProxyingConfiguration.CglibAutoProxyConfiguration matched:
      - @ConditionalOnBooleanProperty (spring.aop.proxy-target-class=true) matched (OnPropertyCondition)

   ApplicationAvailabilityAutoConfiguration#applicationAvailability matched:
      - @ConditionalOnMissingBean (types: org.springframework.boot.availability.ApplicationAvailability; SearchStrategy: all) did not find any beans (OnBeanCondition)

   DataSourceAutoConfiguration matched:
      - @ConditionalOnClass found required classes 'javax.sql.DataSource', 'org.springframework.jdbc.datasource.embedded.EmbeddedDatabaseType' (OnClassCondition)
      - @ConditionalOnMissingBean (types: io.r2dbc.spi.ConnectionFactory; SearchStrategy: all) did not find any beans (OnBeanCondition)

   DataSourceAutoConfiguration.PooledDataSourceConfiguration matched:
      - AnyNestedCondition 1 matched 1 did not; NestedCondition on DataSourceAutoConfiguration.PooledDataSourceCondition.PooledDataSourceAvailable PooledDataSource found supported DataSource; NestedCondition on DataSourceAutoConfiguration.PooledDataSourceCondition.ExplicitType @ConditionalOnProperty (spring.datasource.type) did not find property 'spring.datasource.type' (DataSourceAutoConfiguration.PooledDataSourceCondition)
      - @ConditionalOnMissingBean (types: javax.sql.DataSource,javax.sql.XADataSource; SearchStrategy: all) did not find any beans (OnBeanCondition)

   DataSourceAutoConfiguration.PooledDataSourceConfiguration#jdbcConnectionDetails matched:
      - @ConditionalOnMissingBean (types: org.springframework.boot.autoconfigure.jdbc.JdbcConnectionDetails; SearchStrategy: all) did not find any beans (OnBeanCondition)

   DataSourceConfiguration.Hikari matched:
      - @ConditionalOnClass found required class 'com.zaxxer.hikari.HikariDataSource' (OnClassCondition)
      - @ConditionalOnProperty (spring.datasource.type=com.zaxxer.hikari.HikariDataSource) matched (OnPropertyCondition)
      - @ConditionalOnMissingBean (types: javax.sql.DataSource; SearchStrategy: all) did not find any beans (OnBeanCondition)

   DataSourceInitializationConfiguration matched:
      - @ConditionalOnClass found required class 'org.springframework.jdbc.datasource.init.DatabasePopulator' (OnClassCondition)
      - @ConditionalOnSingleCandidate (types: javax.sql.DataSource; SearchStrategy: all) found a single bean 'dataSource'; @ConditionalOnMissingBean (types: org.springframework.boot.autoconfigure.sql.init.SqlDataSourceScriptDatabaseInitializer,org.springframework.boot.autoconfigure.sql.init.SqlR2dbcScriptDatabaseInitializer; SearchStrategy: all) did not find any beans (OnBeanCondition)

   DataSourcePoolMetadataProvidersConfiguration.HikariPoolDataSourceMetadataProviderConfiguration matched:
      - @ConditionalOnClass found required class 'com.zaxxer.hikari.HikariDataSource' (OnClassCondition)

   DataSourceTransactionManagerAutoConfiguration matched:
      - @ConditionalOnClass found required classes 'javax.sql.DataSource', 'org.springframework.jdbc.core.JdbcTemplate', 'org.springframework.transaction.TransactionManager' (OnClassCondition)

   DataSourceTransactionManagerAutoConfiguration.JdbcTransactionManagerConfiguration matched:
      - @ConditionalOnSingleCandidate (types: javax.sql.DataSource; SearchStrategy: all) found a single bean 'dataSource' (OnBeanCondition)

   DispatcherServletAutoConfiguration matched:
      - @ConditionalOnClass found required class 'org.springframework.web.servlet.DispatcherServlet' (OnClassCondition)
      - found 'session' scope (OnWebApplicationCondition)

   DispatcherServletAutoConfiguration.DispatcherServletConfiguration matched:
      - @ConditionalOnClass found required class 'jakarta.servlet.ServletRegistration' (OnClassCondition)
      - Default DispatcherServlet did not find dispatcher servlet beans (DispatcherServletAutoConfiguration.DefaultDispatcherServletCondition)

   DispatcherServletAutoConfiguration.DispatcherServletRegistrationConfiguration matched:
      - @ConditionalOnClass found required class 'jakarta.servlet.ServletRegistration' (OnClassCondition)
      - DispatcherServlet Registration did not find servlet registration bean (DispatcherServletAutoConfiguration.DispatcherServletRegistrationCondition)

   DispatcherServletAutoConfiguration.DispatcherServletRegistrationConfiguration#dispatcherServletRegistration matched:
      - @ConditionalOnBean (names: dispatcherServlet types: org.springframework.web.servlet.DispatcherServlet; SearchStrategy: all) found bean 'dispatcherServlet' (OnBeanCondition)

   EmbeddedWebServerFactoryCustomizerAutoConfiguration matched:
      - @ConditionalOnWebApplication (required) found 'session' scope (OnWebApplicationCondition)
      - @ConditionalOnWarDeployment the application is not deployed as a WAR file. (OnWarDeploymentCondition)

   EmbeddedWebServerFactoryCustomizerAutoConfiguration.TomcatWebServerFactoryCustomizerConfiguration matched:
      - @ConditionalOnClass found required classes 'org.apache.catalina.startup.Tomcat', 'org.apache.coyote.UpgradeProtocol' (OnClassCondition)

   ErrorMvcAutoConfiguration matched:
      - @ConditionalOnClass found required classes 'jakarta.servlet.Servlet', 'org.springframework.web.servlet.DispatcherServlet' (OnClassCondition)
      - found 'session' scope (OnWebApplicationCondition)

   ErrorMvcAutoConfiguration#basicErrorController matched:
      - @ConditionalOnMissingBean (types: org.springframework.boot.web.servlet.error.ErrorController; SearchStrategy: current) did not find any beans (OnBeanCondition)

   ErrorMvcAutoConfiguration#errorAttributes matched:
      - @ConditionalOnMissingBean (types: org.springframework.boot.web.servlet.error.ErrorAttributes; SearchStrategy: current) did not find any beans (OnBeanCondition)

   ErrorMvcAutoConfiguration.DefaultErrorViewResolverConfiguration#conventionErrorViewResolver matched:
      - @ConditionalOnBean (types: org.springframework.web.servlet.DispatcherServlet; SearchStrategy: all) found bean 'dispatcherServlet'; @ConditionalOnMissingBean (types: org.springframework.boot.autoconfigure.web.servlet.error.ErrorViewResolver; SearchStrategy: all) did not find any beans (OnBeanCondition)

   ErrorMvcAutoConfiguration.WhitelabelErrorViewConfiguration matched:
      - @ConditionalOnBooleanProperty (server.error.whitelabel.enabled=true) matched (OnPropertyCondition)
      - ErrorTemplate Missing did not find error template view (ErrorMvcAutoConfiguration.ErrorTemplateMissingCondition)

   ErrorMvcAutoConfiguration.WhitelabelErrorViewConfiguration#beanNameViewResolver matched:
      - @ConditionalOnMissingBean (types: org.springframework.web.servlet.view.BeanNameViewResolver; SearchStrategy: all) did not find any beans (OnBeanCondition)

   ErrorMvcAutoConfiguration.WhitelabelErrorViewConfiguration#defaultErrorView matched:
      - @ConditionalOnMissingBean (names: error; SearchStrategy: all) did not find any beans (OnBeanCondition)

   GenericCacheConfiguration matched:
      - Cache org.springframework.boot.autoconfigure.cache.GenericCacheConfiguration automatic cache type (CacheCondition)

   HibernateJpaAutoConfiguration matched:
      - @ConditionalOnClass found required classes 'org.springframework.orm.jpa.LocalContainerEntityManagerFactoryBean', 'jakarta.persistence.EntityManager', 'org.hibernate.engine.spi.SessionImplementor' (OnClassCondition)

   HibernateJpaConfiguration matched:
      - @ConditionalOnSingleCandidate (types: javax.sql.DataSource; SearchStrategy: all) found a single bean 'dataSource' (OnBeanCondition)

   HttpClientAutoConfiguration matched:
      - @ConditionalOnClass found required class 'org.springframework.http.client.ClientHttpRequestFactory' (OnClassCondition)
      - NoneNestedConditions 0 matched 1 did not; NestedCondition on NotReactiveWebApplicationCondition.ReactiveWebApplication did not find reactive web application classes (NotReactiveWebApplicationCondition)

   HttpClientAutoConfiguration#clientHttpRequestFactoryBuilder matched:
      - @ConditionalOnMissingBean (types: org.springframework.boot.http.client.ClientHttpRequestFactoryBuilder<?>; SearchStrategy: all) did not find any beans (OnBeanCondition)

   HttpClientAutoConfiguration#clientHttpRequestFactorySettings matched:
      - @ConditionalOnMissingBean (types: org.springframework.boot.http.client.ClientHttpRequestFactorySettings; SearchStrategy: all) did not find any beans (OnBeanCondition)

   HttpEncodingAutoConfiguration matched:
      - @ConditionalOnClass found required class 'org.springframework.web.filter.CharacterEncodingFilter' (OnClassCondition)
      - found 'session' scope (OnWebApplicationCondition)
      - @ConditionalOnBooleanProperty (server.servlet.encoding.enabled=true) matched (OnPropertyCondition)

   HttpEncodingAutoConfiguration#characterEncodingFilter matched:
      - @ConditionalOnMissingBean (types: org.springframework.web.filter.CharacterEncodingFilter; SearchStrategy: all) did not find any beans (OnBeanCondition)

   HttpMessageConvertersAutoConfiguration matched:
      - @ConditionalOnClass found required class 'org.springframework.http.converter.HttpMessageConverter' (OnClassCondition)
      - NoneNestedConditions 0 matched 1 did not; NestedCondition on HttpMessageConvertersAutoConfiguration.NotReactiveWebApplicationCondition.ReactiveWebApplication did not find reactive web application classes (HttpMessageConvertersAutoConfiguration.NotReactiveWebApplicationCondition)

   HttpMessageConvertersAutoConfiguration#messageConverters matched:
      - @ConditionalOnMissingBean (types: org.springframework.boot.autoconfigure.http.HttpMessageConverters; SearchStrategy: all) did not find any beans (OnBeanCondition)

   HttpMessageConvertersAutoConfiguration.StringHttpMessageConverterConfiguration matched:
      - @ConditionalOnClass found required class 'org.springframework.http.converter.StringHttpMessageConverter' (OnClassCondition)

   HttpMessageConvertersAutoConfiguration.StringHttpMessageConverterConfiguration#stringHttpMessageConverter matched:
      - @ConditionalOnMissingBean (types: org.springframework.http.converter.StringHttpMessageConverter; SearchStrategy: all) did not find any beans (OnBeanCondition)

   JacksonAutoConfiguration matched:
      - @ConditionalOnClass found required class 'com.fasterxml.jackson.databind.ObjectMapper' (OnClassCondition)

   JacksonAutoConfiguration.Jackson2ObjectMapperBuilderCustomizerConfiguration matched:
      - @ConditionalOnClass found required class 'org.springframework.http.converter.json.Jackson2ObjectMapperBuilder' (OnClassCondition)

   JacksonAutoConfiguration.JacksonObjectMapperBuilderConfiguration matched:
      - @ConditionalOnClass found required class 'org.springframework.http.converter.json.Jackson2ObjectMapperBuilder' (OnClassCondition)

   JacksonAutoConfiguration.JacksonObjectMapperBuilderConfiguration#jacksonObjectMapperBuilder matched:
      - @ConditionalOnMissingBean (types: org.springframework.http.converter.json.Jackson2ObjectMapperBuilder; SearchStrategy: all) did not find any beans (OnBeanCondition)

   JacksonAutoConfiguration.JacksonObjectMapperConfiguration matched:
      - @ConditionalOnClass found required class 'org.springframework.http.converter.json.Jackson2ObjectMapperBuilder' (OnClassCondition)

   JacksonAutoConfiguration.JacksonObjectMapperConfiguration#jacksonObjectMapper matched:
      - @ConditionalOnMissingBean (types: com.fasterxml.jackson.databind.ObjectMapper; SearchStrategy: all) did not find any beans (OnBeanCondition)

   JacksonAutoConfiguration.ParameterNamesModuleConfiguration matched:
      - @ConditionalOnClass found required class 'com.fasterxml.jackson.module.paramnames.ParameterNamesModule' (OnClassCondition)

   JacksonAutoConfiguration.ParameterNamesModuleConfiguration#parameterNamesModule matched:
      - @ConditionalOnMissingBean (types: com.fasterxml.jackson.module.paramnames.ParameterNamesModule; SearchStrategy: all) did not find any beans (OnBeanCondition)

   JacksonHttpMessageConvertersConfiguration.MappingJackson2HttpMessageConverterConfiguration matched:
      - @ConditionalOnClass found required class 'com.fasterxml.jackson.databind.ObjectMapper' (OnClassCondition)
      - @ConditionalOnPreferredJsonMapper JACKSON no property was configured and Jackson is the default (OnPreferredJsonMapperCondition)
      - @ConditionalOnBean (types: com.fasterxml.jackson.databind.ObjectMapper; SearchStrategy: all) found bean 'jacksonObjectMapper' (OnBeanCondition)

   JacksonHttpMessageConvertersConfiguration.MappingJackson2HttpMessageConverterConfiguration#mappingJackson2HttpMessageConverter matched:
      - @ConditionalOnMissingBean (types: org.springframework.http.converter.json.MappingJackson2HttpMessageConverter ignored: org.springframework.hateoas.server.mvc.TypeConstrainedMappingJackson2HttpMessageConverter,org.springframework.data.rest.webmvc.alps.AlpsJsonHttpMessageConverter; SearchStrategy: all) did not find any beans (OnBeanCondition)

   JdbcClientAutoConfiguration matched:
      - @ConditionalOnSingleCandidate (types: org.springframework.jdbc.core.namedparam.NamedParameterJdbcTemplate; SearchStrategy: all) found a single bean 'namedParameterJdbcTemplate'; @ConditionalOnMissingBean (types: org.springframework.jdbc.core.simple.JdbcClient; SearchStrategy: all) did not find any beans (OnBeanCondition)

   JdbcTemplateAutoConfiguration matched:
      - @ConditionalOnClass found required classes 'javax.sql.DataSource', 'org.springframework.jdbc.core.JdbcTemplate' (OnClassCondition)
      - @ConditionalOnSingleCandidate (types: javax.sql.DataSource; SearchStrategy: all) found a single bean 'dataSource' (OnBeanCondition)

   JdbcTemplateConfiguration matched:
      - @ConditionalOnMissingBean (types: org.springframework.jdbc.core.JdbcOperations; SearchStrategy: all) did not find any beans (OnBeanCondition)

   JpaBaseConfiguration#entityManagerFactory matched:
      - @ConditionalOnMissingBean (types: org.springframework.orm.jpa.LocalContainerEntityManagerFactoryBean,jakarta.persistence.EntityManagerFactory; SearchStrategy: all) did not find any beans (OnBeanCondition)

   JpaBaseConfiguration#entityManagerFactoryBuilder matched:
      - @ConditionalOnMissingBean (types: org.springframework.boot.orm.jpa.EntityManagerFactoryBuilder; SearchStrategy: all) did not find any beans (OnBeanCondition)

   JpaBaseConfiguration#jpaVendorAdapter matched:
      - @ConditionalOnMissingBean (types: org.springframework.orm.jpa.JpaVendorAdapter; SearchStrategy: all) did not find any beans (OnBeanCondition)

   JpaBaseConfiguration#transactionManager matched:
      - @ConditionalOnMissingBean (types: org.springframework.transaction.TransactionManager; SearchStrategy: all) did not find any beans (OnBeanCondition)

   JpaBaseConfiguration.PersistenceManagedTypesConfiguration matched:
      - @ConditionalOnMissingBean (types: org.springframework.orm.jpa.LocalContainerEntityManagerFactoryBean,jakarta.persistence.EntityManagerFactory; SearchStrategy: all) did not find any beans (OnBeanCondition)

   JpaBaseConfiguration.PersistenceManagedTypesConfiguration#persistenceManagedTypes matched:
      - @ConditionalOnMissingBean (types: org.springframework.orm.jpa.persistenceunit.PersistenceManagedTypes; SearchStrategy: all) did not find any beans (OnBeanCondition)

   JpaRepositoriesAutoConfiguration matched:
      - @ConditionalOnClass found required class 'org.springframework.data.jpa.repository.JpaRepository' (OnClassCondition)
      - @ConditionalOnBooleanProperty (spring.data.jpa.repositories.enabled=true) matched (OnPropertyCondition)
      - @ConditionalOnBean (types: javax.sql.DataSource; SearchStrategy: all) found bean 'dataSource'; @ConditionalOnMissingBean (types: org.springframework.data.jpa.repository.support.JpaRepositoryFactoryBean,org.springframework.data.jpa.repository.config.JpaRepositoryConfigExtension; SearchStrategy: all) did not find any beans (OnBeanCondition)

   JtaAutoConfiguration matched:
      - @ConditionalOnClass found required class 'jakarta.transaction.Transaction' (OnClassCondition)
      - @ConditionalOnBooleanProperty (spring.jta.enabled=true) matched (OnPropertyCondition)

   LifecycleAutoConfiguration#defaultLifecycleProcessor matched:
      - @ConditionalOnMissingBean (names: lifecycleProcessor; SearchStrategy: current) did not find any beans (OnBeanCondition)

   MailSenderAutoConfiguration matched:
      - @ConditionalOnClass found required classes 'jakarta.mail.internet.MimeMessage', 'jakarta.activation.MimeType', 'org.springframework.mail.MailSender' (OnClassCondition)
      - AnyNestedCondition 1 matched 1 did not; NestedCondition on MailSenderAutoConfiguration.MailSenderCondition.JndiNameProperty @ConditionalOnProperty (spring.mail.jndi-name) did not find property 'spring.mail.jndi-name'; NestedCondition on MailSenderAutoConfiguration.MailSenderCondition.HostProperty @ConditionalOnProperty (spring.mail.host) matched (MailSenderAutoConfiguration.MailSenderCondition)
      - @ConditionalOnMissingBean (types: org.springframework.mail.MailSender; SearchStrategy: all) did not find any beans (OnBeanCondition)

   MailSenderPropertiesConfiguration matched:
      - @ConditionalOnProperty (spring.mail.host) matched (OnPropertyCondition)

   MailSenderPropertiesConfiguration#mailSender matched:
      - @ConditionalOnMissingBean (types: org.springframework.mail.javamail.JavaMailSender; SearchStrategy: all) did not find any beans (OnBeanCondition)

   MultipartAutoConfiguration matched:
      - @ConditionalOnClass found required classes 'jakarta.servlet.Servlet', 'org.springframework.web.multipart.support.StandardServletMultipartResolver', 'jakarta.servlet.MultipartConfigElement' (OnClassCondition)
      - found 'session' scope (OnWebApplicationCondition)
      - @ConditionalOnBooleanProperty (spring.servlet.multipart.enabled=true) matched (OnPropertyCondition)

   MultipartAutoConfiguration#multipartConfigElement matched:
      - @ConditionalOnMissingBean (types: jakarta.servlet.MultipartConfigElement; SearchStrategy: all) did not find any beans (OnBeanCondition)

   MultipartAutoConfiguration#multipartResolver matched:
      - @ConditionalOnMissingBean (types: org.springframework.web.multipart.MultipartResolver; SearchStrategy: all) did not find any beans (OnBeanCondition)

   NamedParameterJdbcTemplateConfiguration matched:
      - @ConditionalOnSingleCandidate (types: org.springframework.jdbc.core.JdbcTemplate; SearchStrategy: all) found a single bean 'jdbcTemplate'; @ConditionalOnMissingBean (types: org.springframework.jdbc.core.namedparam.NamedParameterJdbcOperations; SearchStrategy: all) did not find any beans (OnBeanCondition)

   NoOpCacheConfiguration matched:
      - Cache org.springframework.boot.autoconfigure.cache.NoOpCacheConfiguration automatic cache type (CacheCondition)

   PersistenceExceptionTranslationAutoConfiguration matched:
      - @ConditionalOnClass found required class 'org.springframework.dao.annotation.PersistenceExceptionTranslationPostProcessor' (OnClassCondition)

   PersistenceExceptionTranslationAutoConfiguration#persistenceExceptionTranslationPostProcessor matched:
      - @ConditionalOnBooleanProperty (spring.dao.exceptiontranslation.enabled=true) matched (OnPropertyCondition)
      - @ConditionalOnMissingBean (types: org.springframework.dao.annotation.PersistenceExceptionTranslationPostProcessor; SearchStrategy: all) did not find any beans (OnBeanCondition)

   PropertyPlaceholderAutoConfiguration#propertySourcesPlaceholderConfigurer matched:
      - @ConditionalOnMissingBean (types: org.springframework.context.support.PropertySourcesPlaceholderConfigurer; SearchStrategy: current) did not find any beans (OnBeanCondition)

   RestClientAutoConfiguration matched:
      - @ConditionalOnClass found required class 'org.springframework.web.client.RestClient' (OnClassCondition)
      - AnyNestedCondition 1 matched 1 did not; NestedCondition on NotReactiveWebApplicationOrVirtualThreadsExecutorEnabledCondition.VirtualThreadsExecutorEnabled found non-matching nested conditions @ConditionalOnThreading did not find VIRTUAL; NestedCondition on NotReactiveWebApplicationOrVirtualThreadsExecutorEnabledCondition.NotReactiveWebApplication NoneNestedConditions 0 matched 1 did not; NestedCondition on NotReactiveWebApplicationCondition.ReactiveWebApplication did not find reactive web application classes (NotReactiveWebApplicationOrVirtualThreadsExecutorEnabledCondition)

   RestClientAutoConfiguration#httpMessageConvertersRestClientCustomizer matched:
      - @ConditionalOnMissingBean (types: org.springframework.boot.autoconfigure.web.client.HttpMessageConvertersRestClientCustomizer; SearchStrategy: all) did not find any beans (OnBeanCondition)

   RestClientAutoConfiguration#restClientBuilder matched:
      - @ConditionalOnMissingBean (types: org.springframework.web.client.RestClient$Builder; SearchStrategy: all) did not find any beans (OnBeanCondition)

   RestClientAutoConfiguration#restClientBuilderConfigurer matched:
      - @ConditionalOnMissingBean (types: org.springframework.boot.autoconfigure.web.client.RestClientBuilderConfigurer; SearchStrategy: all) did not find any beans (OnBeanCondition)

   RestClientAutoConfiguration#restClientSsl matched:
      - @ConditionalOnBean (types: org.springframework.boot.ssl.SslBundles; SearchStrategy: all) found bean 'sslBundleRegistry'; @ConditionalOnMissingBean (types: org.springframework.boot.autoconfigure.web.client.RestClientSsl; SearchStrategy: all) did not find any beans (OnBeanCondition)

   RestTemplateAutoConfiguration matched:
      - @ConditionalOnClass found required class 'org.springframework.web.client.RestTemplate' (OnClassCondition)
      - NoneNestedConditions 0 matched 1 did not; NestedCondition on NotReactiveWebApplicationCondition.ReactiveWebApplication did not find reactive web application classes (NotReactiveWebApplicationCondition)

   RestTemplateAutoConfiguration#restTemplateBuilder matched:
      - @ConditionalOnMissingBean (types: org.springframework.boot.web.client.RestTemplateBuilder; SearchStrategy: all) did not find any beans (OnBeanCondition)

   ServletWebServerFactoryAutoConfiguration matched:
      - @ConditionalOnClass found required class 'jakarta.servlet.ServletRequest' (OnClassCondition)
      - found 'session' scope (OnWebApplicationCondition)

   ServletWebServerFactoryAutoConfiguration.TomcatConfiguration matched:
      - @ConditionalOnClass found required class 'org.apache.catalina.startup.Tomcat' (OnClassCondition)

   ServletWebServerFactoryConfiguration.EmbeddedTomcat matched:
      - @ConditionalOnClass found required classes 'jakarta.servlet.Servlet', 'org.apache.catalina.startup.Tomcat', 'org.apache.coyote.UpgradeProtocol' (OnClassCondition)
      - @ConditionalOnMissingBean (types: org.springframework.boot.web.servlet.server.ServletWebServerFactory; SearchStrategy: current) did not find any beans (OnBeanCondition)

   SimpleCacheConfiguration matched:
      - Cache org.springframework.boot.autoconfigure.cache.SimpleCacheConfiguration automatic cache type (CacheCondition)

   SpringDataWebAutoConfiguration matched:
      - @ConditionalOnClass found required classes 'org.springframework.data.web.PageableHandlerMethodArgumentResolver', 'org.springframework.web.servlet.config.annotation.WebMvcConfigurer' (OnClassCondition)
      - found 'session' scope (OnWebApplicationCondition)
      - @ConditionalOnMissingBean (types: org.springframework.data.web.PageableHandlerMethodArgumentResolver; SearchStrategy: all) did not find any beans (OnBeanCondition)

   SpringDataWebAutoConfiguration#pageableCustomizer matched:
      - @ConditionalOnMissingBean (types: org.springframework.data.web.config.PageableHandlerMethodArgumentResolverCustomizer; SearchStrategy: all) did not find any beans (OnBeanCondition)

   SpringDataWebAutoConfiguration#sortCustomizer matched:
      - @ConditionalOnMissingBean (types: org.springframework.data.web.config.SortHandlerMethodArgumentResolverCustomizer; SearchStrategy: all) did not find any beans (OnBeanCondition)

   SpringDataWebAutoConfiguration#springDataWebSettings matched:
      - @ConditionalOnMissingBean (types: org.springframework.data.web.config.SpringDataWebSettings; SearchStrategy: all) did not find any beans (OnBeanCondition)

   SqlInitializationAutoConfiguration matched:
      - @ConditionalOnBooleanProperty (spring.sql.init.enabled=true) matched (OnPropertyCondition)
      - NoneNestedConditions 0 matched 1 did not; NestedCondition on SqlInitializationAutoConfiguration.SqlInitializationModeCondition.ModeIsNever @ConditionalOnProperty (spring.sql.init.mode=never) did not find property 'spring.sql.init.mode' (SqlInitializationAutoConfiguration.SqlInitializationModeCondition)

   SslAutoConfiguration#sslBundleRegistry matched:
      - @ConditionalOnMissingBean (types: org.springframework.boot.ssl.SslBundleRegistry,org.springframework.boot.ssl.SslBundles; SearchStrategy: all) did not find any beans (OnBeanCondition)

   TaskExecutionAutoConfiguration matched:
      - @ConditionalOnClass found required class 'org.springframework.scheduling.concurrent.ThreadPoolTaskExecutor' (OnClassCondition)

   TaskExecutorConfigurations.AsyncConfigurerConfiguration matched:
      - @ConditionalOnMissingBean (types: org.springframework.scheduling.annotation.AsyncConfigurer; SearchStrategy: all) did not find any beans (OnBeanCondition)

   TaskExecutorConfigurations.AsyncConfigurerConfiguration#applicationTaskExecutorAsyncConfigurer matched:
      - @ConditionalOnMissingBean (types: org.springframework.scheduling.annotation.AsyncConfigurer; SearchStrategy: all) did not find any beans (OnBeanCondition)

   TaskExecutorConfigurations.SimpleAsyncTaskExecutorBuilderConfiguration#simpleAsyncTaskExecutorBuilder matched:
      - @ConditionalOnMissingBean (types: org.springframework.boot.task.SimpleAsyncTaskExecutorBuilder; SearchStrategy: all) did not find any beans (OnBeanCondition)
      - @ConditionalOnThreading found PLATFORM (OnThreadingCondition)

   TaskExecutorConfigurations.TaskExecutorConfiguration matched:
      - AnyNestedCondition 1 matched 1 did not; NestedCondition on TaskExecutorConfigurations.OnExecutorCondition.ModelCondition @ConditionalOnProperty (spring.task.execution.mode=force) did not find property 'spring.task.execution.mode'; NestedCondition on TaskExecutorConfigurations.OnExecutorCondition.ExecutorBeanCondition @ConditionalOnMissingBean (types: java.util.concurrent.Executor; SearchStrategy: all) did not find any beans (TaskExecutorConfigurations.OnExecutorCondition)

   TaskExecutorConfigurations.TaskExecutorConfiguration#applicationTaskExecutor matched:
      - @ConditionalOnThreading found PLATFORM (OnThreadingCondition)

   TaskExecutorConfigurations.ThreadPoolTaskExecutorBuilderConfiguration#threadPoolTaskExecutorBuilder matched:
      - @ConditionalOnMissingBean (types: org.springframework.boot.task.ThreadPoolTaskExecutorBuilder; SearchStrategy: all) did not find any beans (OnBeanCondition)

   TaskSchedulingAutoConfiguration matched:
      - @ConditionalOnClass found required class 'org.springframework.scheduling.concurrent.ThreadPoolTaskScheduler' (OnClassCondition)

   TaskSchedulingConfigurations.SimpleAsyncTaskSchedulerBuilderConfiguration#simpleAsyncTaskSchedulerBuilder matched:
      - @ConditionalOnMissingBean (types: org.springframework.boot.task.SimpleAsyncTaskSchedulerBuilder; SearchStrategy: all) did not find any beans (OnBeanCondition)
      - @ConditionalOnThreading found PLATFORM (OnThreadingCondition)

   TaskSchedulingConfigurations.ThreadPoolTaskSchedulerBuilderConfiguration#threadPoolTaskSchedulerBuilder matched:
      - @ConditionalOnMissingBean (types: org.springframework.boot.task.ThreadPoolTaskSchedulerBuilder; SearchStrategy: all) did not find any beans (OnBeanCondition)

   TransactionAutoConfiguration matched:
      - @ConditionalOnClass found required class 'org.springframework.transaction.PlatformTransactionManager' (OnClassCondition)

   TransactionAutoConfiguration.EnableTransactionManagementConfiguration matched:
      - @ConditionalOnBean (types: org.springframework.transaction.TransactionManager; SearchStrategy: all) found bean 'transactionManager'; @ConditionalOnMissingBean (types: org.springframework.transaction.annotation.AbstractTransactionManagementConfiguration; SearchStrategy: all) did not find any beans (OnBeanCondition)

   TransactionAutoConfiguration.EnableTransactionManagementConfiguration.CglibAutoProxyConfiguration matched:
      - @ConditionalOnBooleanProperty (spring.aop.proxy-target-class=true) matched (OnPropertyCondition)

   TransactionAutoConfiguration.TransactionTemplateConfiguration matched:
      - @ConditionalOnSingleCandidate (types: org.springframework.transaction.PlatformTransactionManager; SearchStrategy: all) found a single bean 'transactionManager' (OnBeanCondition)

   TransactionAutoConfiguration.TransactionTemplateConfiguration#transactionTemplate matched:
      - @ConditionalOnMissingBean (types: org.springframework.transaction.support.TransactionOperations; SearchStrategy: all) did not find any beans (OnBeanCondition)

   TransactionManagerCustomizationAutoConfiguration matched:
      - @ConditionalOnClass found required class 'org.springframework.transaction.PlatformTransactionManager' (OnClassCondition)

   TransactionManagerCustomizationAutoConfiguration#platformTransactionManagerCustomizers matched:
      - @ConditionalOnMissingBean (types: org.springframework.boot.autoconfigure.transaction.TransactionManagerCustomizers; SearchStrategy: all) did not find any beans (OnBeanCondition)

   ValidationAutoConfiguration matched:
      - @ConditionalOnClass found required class 'jakarta.validation.executable.ExecutableValidator' (OnClassCondition)
      - @ConditionalOnResource found location classpath:META-INF/services/jakarta.validation.spi.ValidationProvider (OnResourceCondition)

   ValidationAutoConfiguration#defaultValidator matched:
      - @ConditionalOnMissingBean (types: jakarta.validation.Validator; SearchStrategy: all) did not find any beans (OnBeanCondition)

   ValidationAutoConfiguration#methodValidationPostProcessor matched:
      - @ConditionalOnMissingBean (types: org.springframework.validation.beanvalidation.MethodValidationPostProcessor; SearchStrategy: current) did not find any beans (OnBeanCondition)

   WebMvcAutoConfiguration matched:
      - @ConditionalOnClass found required classes 'jakarta.servlet.Servlet', 'org.springframework.web.servlet.DispatcherServlet', 'org.springframework.web.servlet.config.annotation.WebMvcConfigurer' (OnClassCondition)
      - found 'session' scope (OnWebApplicationCondition)
      - @ConditionalOnMissingBean (types: org.springframework.web.servlet.config.annotation.WebMvcConfigurationSupport; SearchStrategy: all) did not find any beans (OnBeanCondition)

   WebMvcAutoConfiguration#formContentFilter matched:
      - @ConditionalOnBooleanProperty (spring.mvc.formcontent.filter.enabled=true) matched (OnPropertyCondition)
      - @ConditionalOnMissingBean (types: org.springframework.web.filter.FormContentFilter; SearchStrategy: all) did not find any beans (OnBeanCondition)

   WebMvcAutoConfiguration.EnableWebMvcConfiguration#flashMapManager matched:
      - @ConditionalOnMissingBean (names: flashMapManager; SearchStrategy: all) did not find any beans (OnBeanCondition)

   WebMvcAutoConfiguration.EnableWebMvcConfiguration#localeResolver matched:
      - @ConditionalOnMissingBean (names: localeResolver; SearchStrategy: all) did not find any beans (OnBeanCondition)

   WebMvcAutoConfiguration.EnableWebMvcConfiguration#themeResolver matched:
      - @ConditionalOnMissingBean (names: themeResolver; SearchStrategy: all) did not find any beans (OnBeanCondition)

   WebMvcAutoConfiguration.EnableWebMvcConfiguration#viewNameTranslator matched:
      - @ConditionalOnMissingBean (names: viewNameTranslator; SearchStrategy: all) did not find any beans (OnBeanCondition)

   WebMvcAutoConfiguration.WebMvcAutoConfigurationAdapter#defaultViewResolver matched:
      - @ConditionalOnMissingBean (types: org.springframework.web.servlet.view.InternalResourceViewResolver; SearchStrategy: all) did not find any beans (OnBeanCondition)

   WebMvcAutoConfiguration.WebMvcAutoConfigurationAdapter#requestContextFilter matched:
      - @ConditionalOnMissingBean (types: org.springframework.web.context.request.RequestContextListener,org.springframework.web.filter.RequestContextFilter; SearchStrategy: all) did not find any beans (OnBeanCondition)

   WebMvcAutoConfiguration.WebMvcAutoConfigurationAdapter#viewResolver matched:
      - @ConditionalOnBean (types: org.springframework.web.servlet.ViewResolver; SearchStrategy: all) found beans 'defaultViewResolver', 'beanNameViewResolver', 'mvcViewResolver'; @ConditionalOnMissingBean (names: viewResolver types: org.springframework.web.servlet.view.ContentNegotiatingViewResolver; SearchStrategy: all) did not find any beans (OnBeanCondition)

   WebSocketServletAutoConfiguration matched:
      - @ConditionalOnClass found required classes 'jakarta.servlet.Servlet', 'jakarta.websocket.server.ServerContainer' (OnClassCondition)
      - found 'session' scope (OnWebApplicationCondition)

   WebSocketServletAutoConfiguration.TomcatWebSocketConfiguration matched:
      - @ConditionalOnClass found required classes 'org.apache.catalina.startup.Tomcat', 'org.apache.tomcat.websocket.server.WsSci' (OnClassCondition)

   WebSocketServletAutoConfiguration.TomcatWebSocketConfiguration#websocketServletWebServerCustomizer matched:
      - @ConditionalOnMissingBean (names: websocketServletWebServerCustomizer; SearchStrategy: all) did not find any beans (OnBeanCondition)


Negative matches:
-----------------

   ActiveMQAutoConfiguration:
      Did not match:
         - @ConditionalOnClass did not find required class 'jakarta.jms.ConnectionFactory' (OnClassCondition)

   AopAutoConfiguration.AspectJAutoProxyingConfiguration.JdkDynamicAutoProxyConfiguration:
      Did not match:
         - @ConditionalOnBooleanProperty (spring.aop.proxy-target-class=false) did not find property 'spring.aop.proxy-target-class' (OnPropertyCondition)

   AopAutoConfiguration.ClassProxyingConfiguration:
      Did not match:
         - @ConditionalOnMissingClass found unwanted class 'org.aspectj.weaver.Advice' (OnClassCondition)

   ArtemisAutoConfiguration:
      Did not match:
         - @ConditionalOnClass did not find required class 'jakarta.jms.ConnectionFactory' (OnClassCondition)

   BatchAutoConfiguration:
      Did not match:
         - @ConditionalOnClass did not find required class 'org.springframework.batch.core.launch.JobLauncher' (OnClassCondition)

   Cache2kCacheConfiguration:
      Did not match:
         - @ConditionalOnClass did not find required class 'org.cache2k.Cache2kBuilder' (OnClassCondition)

   CacheAutoConfiguration:
      Did not match:
         - @ConditionalOnBean (types: org.springframework.cache.interceptor.CacheAspectSupport; SearchStrategy: all) did not find any beans of type org.springframework.cache.interceptor.CacheAspectSupport (OnBeanCondition)
      Matched:
         - @ConditionalOnClass found required class 'org.springframework.cache.CacheManager' (OnClassCondition)

   CacheAutoConfiguration.CacheManagerEntityManagerFactoryDependsOnPostProcessor:
      Did not match:
         - Ancestor org.springframework.boot.autoconfigure.cache.CacheAutoConfiguration did not match (ConditionEvaluationReport.AncestorsMatchedCondition)
      Matched:
         - @ConditionalOnClass found required class 'org.springframework.orm.jpa.LocalContainerEntityManagerFactoryBean' (OnClassCondition)

   CaffeineCacheConfiguration:
      Did not match:
         - @ConditionalOnClass did not find required class 'com.github.benmanes.caffeine.cache.Caffeine' (OnClassCondition)

   CassandraAutoConfiguration:
      Did not match:
         - @ConditionalOnClass did not find required class 'com.datastax.oss.driver.api.core.CqlSession' (OnClassCondition)

   CassandraDataAutoConfiguration:
      Did not match:
         - @ConditionalOnClass did not find required class 'com.datastax.oss.driver.api.core.CqlSession' (OnClassCondition)

   CassandraReactiveDataAutoConfiguration:
      Did not match:
         - @ConditionalOnClass did not find required class 'com.datastax.oss.driver.api.core.CqlSession' (OnClassCondition)

   CassandraReactiveRepositoriesAutoConfiguration:
      Did not match:
         - @ConditionalOnClass did not find required class 'org.springframework.data.cassandra.ReactiveSession' (OnClassCondition)

   CassandraRepositoriesAutoConfiguration:
      Did not match:
         - @ConditionalOnClass did not find required class 'com.datastax.oss.driver.api.core.CqlSession' (OnClassCondition)

   org.springframework.boot.autoconfigure.http.client.reactive.ClientHttpConnectorAutoConfiguration:
      Did not match:
         - @ConditionalOnClass did not find required class 'reactor.core.publisher.Mono' (OnClassCondition)

   org.springframework.boot.autoconfigure.web.reactive.function.client.ClientHttpConnectorAutoConfiguration:
      Did not match:
         - @ConditionalOnClass did not find required class 'org.springframework.web.reactive.function.client.WebClient' (OnClassCondition)

   CodecsAutoConfiguration:
      Did not match:
         - @ConditionalOnClass did not find required class 'org.springframework.web.reactive.function.client.WebClient' (OnClassCondition)

   CouchbaseAutoConfiguration:
      Did not match:
         - @ConditionalOnClass did not find required class 'com.couchbase.client.java.Cluster' (OnClassCondition)

   CouchbaseCacheConfiguration:
      Did not match:
         - @ConditionalOnClass did not find required class 'com.couchbase.client.java.Cluster' (OnClassCondition)

   CouchbaseDataAutoConfiguration:
      Did not match:
         - @ConditionalOnClass did not find required class 'com.couchbase.client.java.Bucket' (OnClassCondition)

   CouchbaseReactiveDataAutoConfiguration:
      Did not match:
         - @ConditionalOnClass did not find required class 'com.couchbase.client.java.Cluster' (OnClassCondition)

   CouchbaseReactiveRepositoriesAutoConfiguration:
      Did not match:
         - @ConditionalOnClass did not find required class 'com.couchbase.client.java.Cluster' (OnClassCondition)

   CouchbaseRepositoriesAutoConfiguration:
      Did not match:
         - @ConditionalOnClass did not find required class 'com.couchbase.client.java.Bucket' (OnClassCondition)

   DataSourceAutoConfiguration.EmbeddedDatabaseConfiguration:
      Did not match:
         - EmbeddedDataSource spring.datasource.url is set (DataSourceAutoConfiguration.EmbeddedDatabaseCondition)

   DataSourceCheckpointRestoreConfiguration:
      Did not match:
         - @ConditionalOnClass did not find required class 'org.crac.Resource' (OnClassCondition)

   DataSourceConfiguration.Dbcp2:
      Did not match:
         - @ConditionalOnClass did not find required class 'org.apache.commons.dbcp2.BasicDataSource' (OnClassCondition)

   DataSourceConfiguration.Generic:
      Did not match:
         - @ConditionalOnProperty (spring.datasource.type) did not find property 'spring.datasource.type' (OnPropertyCondition)

   DataSourceConfiguration.OracleUcp:
      Did not match:
         - @ConditionalOnClass did not find required classes 'oracle.ucp.jdbc.PoolDataSourceImpl', 'oracle.jdbc.OracleConnection' (OnClassCondition)

   DataSourceConfiguration.Tomcat:
      Did not match:
         - @ConditionalOnClass did not find required class 'org.apache.tomcat.jdbc.pool.DataSource' (OnClassCondition)

   DataSourceJmxConfiguration:
      Did not match:
         - @ConditionalOnBooleanProperty (spring.jmx.enabled=true) did not find property 'spring.jmx.enabled' (OnPropertyCondition)

   DataSourcePoolMetadataProvidersConfiguration.CommonsDbcp2PoolDataSourceMetadataProviderConfiguration:
      Did not match:
         - @ConditionalOnClass did not find required class 'org.apache.commons.dbcp2.BasicDataSource' (OnClassCondition)

   DataSourcePoolMetadataProvidersConfiguration.OracleUcpPoolDataSourceMetadataProviderConfiguration:
      Did not match:
         - @ConditionalOnClass did not find required classes 'oracle.ucp.jdbc.PoolDataSource', 'oracle.jdbc.OracleConnection' (OnClassCondition)

   DataSourcePoolMetadataProvidersConfiguration.TomcatDataSourcePoolMetadataProviderConfiguration:
      Did not match:
         - @ConditionalOnClass did not find required class 'org.apache.tomcat.jdbc.pool.DataSource' (OnClassCondition)

   DataSourceTransactionManagerAutoConfiguration.JdbcTransactionManagerConfiguration#transactionManager:
      Did not match:
         - @ConditionalOnMissingBean (types: org.springframework.transaction.TransactionManager; SearchStrategy: all) found beans of type 'org.springframework.transaction.TransactionManager' transactionManager (OnBeanCondition)

   DispatcherServletAutoConfiguration.DispatcherServletConfiguration#multipartResolver:
      Did not match:
         - @ConditionalOnBean (types: org.springframework.web.multipart.MultipartResolver; SearchStrategy: all) did not find any beans of type org.springframework.web.multipart.MultipartResolver (OnBeanCondition)

   ElasticsearchClientAutoConfiguration:
      Did not match:
         - @ConditionalOnClass did not find required class 'co.elastic.clients.elasticsearch.ElasticsearchClient' (OnClassCondition)

   ElasticsearchDataAutoConfiguration:
      Did not match:
         - @ConditionalOnClass did not find required class 'org.springframework.data.elasticsearch.client.elc.ElasticsearchTemplate' (OnClassCondition)

   ElasticsearchRepositoriesAutoConfiguration:
      Did not match:
         - @ConditionalOnClass did not find required class 'org.springframework.data.elasticsearch.repository.ElasticsearchRepository' (OnClassCondition)

   ElasticsearchRestClientAutoConfiguration:
      Did not match:
         - @ConditionalOnClass did not find required class 'org.elasticsearch.client.RestClientBuilder' (OnClassCondition)

   EmbeddedLdapAutoConfiguration:
      Did not match:
         - @ConditionalOnClass did not find required class 'com.unboundid.ldap.listener.InMemoryDirectoryServer' (OnClassCondition)

   EmbeddedWebServerFactoryCustomizerAutoConfiguration.JettyWebServerFactoryCustomizerConfiguration:
      Did not match:
         - @ConditionalOnClass did not find required classes 'org.eclipse.jetty.server.Server', 'org.eclipse.jetty.util.Loader', 'org.eclipse.jetty.ee10.webapp.WebAppContext' (OnClassCondition)

   EmbeddedWebServerFactoryCustomizerAutoConfiguration.NettyWebServerFactoryCustomizerConfiguration:
      Did not match:
         - @ConditionalOnClass did not find required class 'reactor.netty.http.server.HttpServer' (OnClassCondition)

   EmbeddedWebServerFactoryCustomizerAutoConfiguration.TomcatWebServerFactoryCustomizerConfiguration#tomcatVirtualThreadsProtocolHandlerCustomizer:
      Did not match:
         - @ConditionalOnThreading did not find VIRTUAL (OnThreadingCondition)

   EmbeddedWebServerFactoryCustomizerAutoConfiguration.UndertowWebServerFactoryCustomizerConfiguration:
      Did not match:
         - @ConditionalOnClass did not find required classes 'io.undertow.Undertow', 'org.xnio.SslClientAuthMode' (OnClassCondition)

   ErrorWebFluxAutoConfiguration:
      Did not match:
         - @ConditionalOnClass did not find required class 'org.springframework.web.reactive.config.WebFluxConfigurer' (OnClassCondition)

   FlywayAutoConfiguration:
      Did not match:
         - @ConditionalOnClass did not find required class 'org.flywaydb.core.Flyway' (OnClassCondition)

   FreeMarkerAutoConfiguration:
      Did not match:
         - @ConditionalOnClass did not find required class 'freemarker.template.Configuration' (OnClassCondition)

   GraphQlAutoConfiguration:
      Did not match:
         - @ConditionalOnClass did not find required class 'graphql.GraphQL' (OnClassCondition)

   GraphQlQueryByExampleAutoConfiguration:
      Did not match:
         - @ConditionalOnClass did not find required class 'graphql.GraphQL' (OnClassCondition)

   GraphQlQuerydslAutoConfiguration:
      Did not match:
         - @ConditionalOnClass did not find required class 'com.querydsl.core.Query' (OnClassCondition)

   GraphQlRSocketAutoConfiguration:
      Did not match:
         - @ConditionalOnClass did not find required class 'graphql.GraphQL' (OnClassCondition)

   GraphQlReactiveQueryByExampleAutoConfiguration:
      Did not match:
         - @ConditionalOnClass did not find required class 'graphql.GraphQL' (OnClassCondition)

   GraphQlReactiveQuerydslAutoConfiguration:
      Did not match:
         - @ConditionalOnClass did not find required class 'com.querydsl.core.Query' (OnClassCondition)

   GraphQlWebFluxAutoConfiguration:
      Did not match:
         - @ConditionalOnClass did not find required class 'graphql.GraphQL' (OnClassCondition)

   GraphQlWebFluxSecurityAutoConfiguration:
      Did not match:
         - @ConditionalOnClass did not find required class 'graphql.GraphQL' (OnClassCondition)

   GraphQlWebMvcAutoConfiguration:
      Did not match:
         - @ConditionalOnClass did not find required class 'graphql.GraphQL' (OnClassCondition)

   GraphQlWebMvcSecurityAutoConfiguration:
      Did not match:
         - @ConditionalOnClass did not find required class 'graphql.GraphQL' (OnClassCondition)

   GroovyTemplateAutoConfiguration:
      Did not match:
         - @ConditionalOnClass did not find required class 'groovy.text.markup.MarkupTemplateEngine' (OnClassCondition)

   GsonAutoConfiguration:
      Did not match:
         - @ConditionalOnClass did not find required class 'com.google.gson.Gson' (OnClassCondition)

   GsonHttpMessageConvertersConfiguration:
      Did not match:
         - @ConditionalOnClass did not find required class 'com.google.gson.Gson' (OnClassCondition)

   H2ConsoleAutoConfiguration:
      Did not match:
         - @ConditionalOnBooleanProperty (spring.h2.console.enabled=true) did not find property 'spring.h2.console.enabled' (OnPropertyCondition)
      Matched:
         - @ConditionalOnClass found required class 'org.h2.server.web.JakartaWebServlet' (OnClassCondition)
         - found 'session' scope (OnWebApplicationCondition)

   HazelcastAutoConfiguration:
      Did not match:
         - @ConditionalOnClass did not find required class 'com.hazelcast.core.HazelcastInstance' (OnClassCondition)

   HazelcastCacheConfiguration:
      Did not match:
         - @ConditionalOnClass did not find required class 'com.hazelcast.core.HazelcastInstance' (OnClassCondition)

   HazelcastJpaDependencyAutoConfiguration:
      Did not match:
         - @ConditionalOnClass did not find required class 'com.hazelcast.core.HazelcastInstance' (OnClassCondition)

   HttpHandlerAutoConfiguration:
      Did not match:
         - @ConditionalOnClass did not find required class 'org.springframework.web.reactive.DispatcherHandler' (OnClassCondition)

   HypermediaAutoConfiguration:
      Did not match:
         - @ConditionalOnClass did not find required class 'org.springframework.hateoas.EntityModel' (OnClassCondition)

   InfinispanCacheConfiguration:
      Did not match:
         - @ConditionalOnClass did not find required class 'org.infinispan.spring.embedded.provider.SpringEmbeddedCacheManager' (OnClassCondition)

   IntegrationAutoConfiguration:
      Did not match:
         - @ConditionalOnClass did not find required class 'org.springframework.integration.config.EnableIntegration' (OnClassCondition)

   JCacheCacheConfiguration:
      Did not match:
         - @ConditionalOnClass did not find required class 'javax.cache.Caching' (OnClassCondition)

   JacksonHttpMessageConvertersConfiguration.MappingJackson2XmlHttpMessageConverterConfiguration:
      Did not match:
         - @ConditionalOnClass did not find required class 'com.fasterxml.jackson.dataformat.xml.XmlMapper' (OnClassCondition)

   JdbcRepositoriesAutoConfiguration:
      Did not match:
         - @ConditionalOnClass did not find required class 'org.springframework.data.jdbc.repository.config.AbstractJdbcConfiguration' (OnClassCondition)

   JerseyAutoConfiguration:
      Did not match:
         - @ConditionalOnClass did not find required class 'org.glassfish.jersey.server.spring.SpringComponentProvider' (OnClassCondition)

   JmsAutoConfiguration:
      Did not match:
         - @ConditionalOnClass did not find required class 'jakarta.jms.Message' (OnClassCondition)

   JmxAutoConfiguration:
      Did not match:
         - @ConditionalOnBooleanProperty (spring.jmx.enabled=true) did not find property 'spring.jmx.enabled' (OnPropertyCondition)
      Matched:
         - @ConditionalOnClass found required class 'org.springframework.jmx.export.MBeanExporter' (OnClassCondition)

   JndiConnectionFactoryAutoConfiguration:
      Did not match:
         - @ConditionalOnClass did not find required class 'org.springframework.jms.core.JmsTemplate' (OnClassCondition)

   JndiDataSourceAutoConfiguration:
      Did not match:
         - @ConditionalOnProperty (spring.datasource.jndi-name) did not find property 'spring.datasource.jndi-name' (OnPropertyCondition)
      Matched:
         - @ConditionalOnClass found required classes 'javax.sql.DataSource', 'org.springframework.jdbc.datasource.embedded.EmbeddedDatabaseType' (OnClassCondition)

   JndiJtaConfiguration:
      Did not match:
         - @ConditionalOnJndi JNDI environment is not available (OnJndiCondition)
      Matched:
         - @ConditionalOnClass found required class 'org.springframework.transaction.jta.JtaTransactionManager' (OnClassCondition)

   JooqAutoConfiguration:
      Did not match:
         - @ConditionalOnClass did not find required class 'org.jooq.DSLContext' (OnClassCondition)

   JpaBaseConfiguration.JpaWebConfiguration:
      Did not match:
         - @ConditionalOnBooleanProperty (spring.jpa.open-in-view=true) found different value in property 'spring.jpa.open-in-view' (OnPropertyCondition)
      Matched:
         - @ConditionalOnClass found required class 'org.springframework.web.servlet.config.annotation.WebMvcConfigurer' (OnClassCondition)
         - found 'session' scope (OnWebApplicationCondition)

   JpaRepositoriesAutoConfiguration#entityManagerFactoryBootstrapExecutorCustomizer:
      Did not match:
         - AnyNestedCondition 0 matched 2 did not; NestedCondition on JpaRepositoriesAutoConfiguration.BootstrapExecutorCondition.LazyBootstrapMode @ConditionalOnProperty (spring.data.jpa.repositories.bootstrap-mode=lazy) did not find property 'spring.data.jpa.repositories.bootstrap-mode'; NestedCondition on JpaRepositoriesAutoConfiguration.BootstrapExecutorCondition.DeferredBootstrapMode @ConditionalOnProperty (spring.data.jpa.repositories.bootstrap-mode=deferred) did not find property 'spring.data.jpa.repositories.bootstrap-mode' (JpaRepositoriesAutoConfiguration.BootstrapExecutorCondition)

   JsonbAutoConfiguration:
      Did not match:
         - @ConditionalOnClass did not find required class 'jakarta.json.bind.Jsonb' (OnClassCondition)

   JsonbHttpMessageConvertersConfiguration:
      Did not match:
         - @ConditionalOnClass did not find required class 'jakarta.json.bind.Jsonb' (OnClassCondition)

   KafkaAutoConfiguration:
      Did not match:
         - @ConditionalOnClass did not find required class 'org.springframework.kafka.core.KafkaTemplate' (OnClassCondition)

   LdapAutoConfiguration:
      Did not match:
         - @ConditionalOnClass did not find required class 'org.springframework.ldap.core.ContextSource' (OnClassCondition)

   LdapRepositoriesAutoConfiguration:
      Did not match:
         - @ConditionalOnClass did not find required class 'org.springframework.data.ldap.repository.LdapRepository' (OnClassCondition)

   LiquibaseAutoConfiguration:
      Did not match:
         - @ConditionalOnClass did not find required class 'liquibase.change.DatabaseChange' (OnClassCondition)

   MailSenderJndiConfiguration:
      Did not match:
         - @ConditionalOnProperty (spring.mail.jndi-name) did not find property 'spring.mail.jndi-name' (OnPropertyCondition)
      Matched:
         - @ConditionalOnClass found required class 'jakarta.mail.Session' (OnClassCondition)

   MailSenderValidatorAutoConfiguration:
      Did not match:
         - @ConditionalOnBooleanProperty (spring.mail.test-connection=true) did not find property 'spring.mail.test-connection' (OnPropertyCondition)

   MessageSourceAutoConfiguration:
      Did not match:
         - ResourceBundle did not find bundle with basename messages (MessageSourceAutoConfiguration.ResourceBundleCondition)

   MongoAutoConfiguration:
      Did not match:
         - @ConditionalOnClass did not find required class 'com.mongodb.client.MongoClient' (OnClassCondition)

   MongoDataAutoConfiguration:
      Did not match:
         - @ConditionalOnClass did not find required class 'com.mongodb.client.MongoClient' (OnClassCondition)

   MongoReactiveAutoConfiguration:
      Did not match:
         - @ConditionalOnClass did not find required class 'com.mongodb.reactivestreams.client.MongoClient' (OnClassCondition)

   MongoReactiveDataAutoConfiguration:
      Did not match:
         - @ConditionalOnClass did not find required class 'com.mongodb.reactivestreams.client.MongoClient' (OnClassCondition)

   MongoReactiveRepositoriesAutoConfiguration:
      Did not match:
         - @ConditionalOnClass did not find required class 'com.mongodb.reactivestreams.client.MongoClient' (OnClassCondition)

   MongoRepositoriesAutoConfiguration:
      Did not match:
         - @ConditionalOnClass did not find required class 'com.mongodb.client.MongoClient' (OnClassCondition)

   MustacheAutoConfiguration:
      Did not match:
         - @ConditionalOnClass did not find required class 'com.samskivert.mustache.Mustache' (OnClassCondition)

   Neo4jAutoConfiguration:
      Did not match:
         - @ConditionalOnClass did not find required class 'org.neo4j.driver.Driver' (OnClassCondition)

   Neo4jDataAutoConfiguration:
      Did not match:
         - @ConditionalOnClass did not find required class 'org.neo4j.driver.Driver' (OnClassCondition)

   Neo4jReactiveDataAutoConfiguration:
      Did not match:
         - @ConditionalOnClass did not find required class 'org.neo4j.driver.Driver' (OnClassCondition)

   Neo4jReactiveRepositoriesAutoConfiguration:
      Did not match:
         - @ConditionalOnClass did not find required class 'org.neo4j.driver.Driver' (OnClassCondition)

   Neo4jRepositoriesAutoConfiguration:
      Did not match:
         - @ConditionalOnClass did not find required class 'org.neo4j.driver.Driver' (OnClassCondition)

   NettyAutoConfiguration:
      Did not match:
         - @ConditionalOnClass did not find required class 'io.netty.util.NettyRuntime' (OnClassCondition)

   OAuth2AuthorizationServerAutoConfiguration:
      Did not match:
         - @ConditionalOnClass did not find required class 'org.springframework.security.oauth2.server.authorization.OAuth2Authorization' (OnClassCondition)

   OAuth2AuthorizationServerJwtAutoConfiguration:
      Did not match:
         - @ConditionalOnClass did not find required class 'com.nimbusds.jose.jwk.source.JWKSource' (OnClassCondition)

   OAuth2ClientAutoConfiguration:
      Did not match:
         - @ConditionalOnClass did not find required class 'org.springframework.security.oauth2.client.registration.ClientRegistration' (OnClassCondition)

   OAuth2ClientWebSecurityAutoConfiguration:
      Did not match:
         - @ConditionalOnClass did not find required class 'org.springframework.security.config.annotation.web.configuration.EnableWebSecurity' (OnClassCondition)

   OAuth2ResourceServerAutoConfiguration:
      Did not match:
         - @ConditionalOnClass did not find required class 'org.springframework.security.oauth2.server.resource.authentication.BearerTokenAuthenticationToken' (OnClassCondition)

   ProjectInfoAutoConfiguration#buildProperties:
      Did not match:
         - @ConditionalOnResource did not find resource '${spring.info.build.location:classpath:META-INF/build-info.properties}' (OnResourceCondition)

   ProjectInfoAutoConfiguration#gitProperties:
      Did not match:
         - GitResource did not find git info at classpath:git.properties (ProjectInfoAutoConfiguration.GitResourceAvailableCondition)

   PulsarAutoConfiguration:
      Did not match:
         - @ConditionalOnClass did not find required class 'org.apache.pulsar.client.api.PulsarClient' (OnClassCondition)

   PulsarReactiveAutoConfiguration:
      Did not match:
         - @ConditionalOnClass did not find required class 'org.apache.pulsar.client.api.PulsarClient' (OnClassCondition)

   QuartzAutoConfiguration:
      Did not match:
         - @ConditionalOnClass did not find required class 'org.quartz.Scheduler' (OnClassCondition)

   R2dbcAutoConfiguration:
      Did not match:
         - @ConditionalOnClass did not find required class 'io.r2dbc.spi.ConnectionFactory' (OnClassCondition)

   R2dbcDataAutoConfiguration:
      Did not match:
         - @ConditionalOnClass did not find required class 'org.springframework.data.r2dbc.core.R2dbcEntityTemplate' (OnClassCondition)

   R2dbcInitializationConfiguration:
      Did not match:
         - @ConditionalOnClass did not find required classes 'io.r2dbc.spi.ConnectionFactory', 'org.springframework.r2dbc.connection.init.DatabasePopulator' (OnClassCondition)

   R2dbcProxyAutoConfiguration:
      Did not match:
         - @ConditionalOnClass did not find required class 'io.r2dbc.proxy.ProxyConnectionFactory' (OnClassCondition)

   R2dbcRepositoriesAutoConfiguration:
      Did not match:
         - @ConditionalOnClass did not find required class 'io.r2dbc.spi.ConnectionFactory' (OnClassCondition)

   R2dbcTransactionManagerAutoConfiguration:
      Did not match:
         - @ConditionalOnClass did not find required class 'org.springframework.r2dbc.connection.R2dbcTransactionManager' (OnClassCondition)

   RSocketGraphQlClientAutoConfiguration:
      Did not match:
         - @ConditionalOnClass did not find required class 'graphql.GraphQL' (OnClassCondition)

   RSocketMessagingAutoConfiguration:
      Did not match:
         - @ConditionalOnClass did not find required class 'io.rsocket.RSocket' (OnClassCondition)

   RSocketRequesterAutoConfiguration:
      Did not match:
         - @ConditionalOnClass did not find required class 'io.rsocket.RSocket' (OnClassCondition)

   RSocketSecurityAutoConfiguration:
      Did not match:
         - @ConditionalOnClass did not find required class 'org.springframework.security.rsocket.core.SecuritySocketAcceptorInterceptor' (OnClassCondition)

   RSocketServerAutoConfiguration:
      Did not match:
         - @ConditionalOnClass did not find required class 'io.rsocket.core.RSocketServer' (OnClassCondition)

   RSocketStrategiesAutoConfiguration:
      Did not match:
         - @ConditionalOnClass did not find required class 'io.netty.buffer.PooledByteBufAllocator' (OnClassCondition)

   RabbitAutoConfiguration:
      Did not match:
         - @ConditionalOnClass did not find required class 'com.rabbitmq.client.Channel' (OnClassCondition)

   ReactiveElasticsearchClientAutoConfiguration:
      Did not match:
         - @ConditionalOnClass did not find required class 'co.elastic.clients.transport.ElasticsearchTransport' (OnClassCondition)

   ReactiveElasticsearchRepositoriesAutoConfiguration:
      Did not match:
         - @ConditionalOnClass did not find required class 'reactor.core.publisher.Mono' (OnClassCondition)

   ReactiveMultipartAutoConfiguration:
      Did not match:
         - @ConditionalOnClass did not find required class 'org.springframework.web.reactive.config.WebFluxConfigurer' (OnClassCondition)

   ReactiveOAuth2ClientAutoConfiguration:
      Did not match:
         - @ConditionalOnClass did not find required class 'reactor.core.publisher.Flux' (OnClassCondition)

   ReactiveOAuth2ClientWebSecurityAutoConfiguration:
      Did not match:
         - @ConditionalOnClass did not find required class 'reactor.core.publisher.Flux' (OnClassCondition)

   ReactiveOAuth2ResourceServerAutoConfiguration:
      Did not match:
         - @ConditionalOnClass did not find required class 'org.springframework.security.config.annotation.web.reactive.EnableWebFluxSecurity' (OnClassCondition)

   ReactiveSecurityAutoConfiguration:
      Did not match:
         - @ConditionalOnClass did not find required class 'reactor.core.publisher.Flux' (OnClassCondition)

   ReactiveUserDetailsServiceAutoConfiguration:
      Did not match:
         - @ConditionalOnClass did not find required class 'org.springframework.security.authentication.ReactiveAuthenticationManager' (OnClassCondition)

   ReactiveWebServerFactoryAutoConfiguration:
      Did not match:
         - @ConditionalOnWebApplication did not find reactive web application classes (OnWebApplicationCondition)

   ReactorAutoConfiguration:
      Did not match:
         - @ConditionalOnClass did not find required class 'reactor.core.publisher.Hooks' (OnClassCondition)

   RedisAutoConfiguration:
      Did not match:
         - @ConditionalOnClass did not find required class 'org.springframework.data.redis.core.RedisOperations' (OnClassCondition)

   RedisCacheConfiguration:
      Did not match:
         - @ConditionalOnClass did not find required class 'org.springframework.data.redis.connection.RedisConnectionFactory' (OnClassCondition)

   RedisReactiveAutoConfiguration:
      Did not match:
         - @ConditionalOnClass did not find required class 'reactor.core.publisher.Flux' (OnClassCondition)

   RedisRepositoriesAutoConfiguration:
      Did not match:
         - @ConditionalOnClass did not find required class 'org.springframework.data.redis.repository.configuration.EnableRedisRepositories' (OnClassCondition)

   RepositoryRestMvcAutoConfiguration:
      Did not match:
         - @ConditionalOnClass did not find required class 'org.springframework.data.rest.webmvc.config.RepositoryRestMvcConfiguration' (OnClassCondition)

   Saml2RelyingPartyAutoConfiguration:
      Did not match:
         - @ConditionalOnClass did not find required class 'org.springframework.security.saml2.provider.service.registration.RelyingPartyRegistrationRepository' (OnClassCondition)

   SecurityAutoConfiguration:
      Did not match:
         - @ConditionalOnClass did not find required class 'org.springframework.security.authentication.DefaultAuthenticationEventPublisher' (OnClassCondition)

   SecurityFilterAutoConfiguration:
      Did not match:
         - @ConditionalOnClass did not find required class 'org.springframework.security.config.http.SessionCreationPolicy' (OnClassCondition)

   SendGridAutoConfiguration:
      Did not match:
         - @ConditionalOnClass did not find required class 'com.sendgrid.SendGrid' (OnClassCondition)

   ServletWebServerFactoryAutoConfiguration.ForwardedHeaderFilterConfiguration:
      Did not match:
         - @ConditionalOnProperty (server.forward-headers-strategy=framework) did not find property 'server.forward-headers-strategy' (OnPropertyCondition)

   ServletWebServerFactoryConfiguration.EmbeddedJetty:
      Did not match:
         - @ConditionalOnClass did not find required classes 'org.eclipse.jetty.server.Server', 'org.eclipse.jetty.util.Loader', 'org.eclipse.jetty.ee10.webapp.WebAppContext' (OnClassCondition)

   ServletWebServerFactoryConfiguration.EmbeddedUndertow:
      Did not match:
         - @ConditionalOnClass did not find required classes 'io.undertow.Undertow', 'org.xnio.SslClientAuthMode' (OnClassCondition)

   SessionAutoConfiguration:
      Did not match:
         - @ConditionalOnClass did not find required class 'org.springframework.session.Session' (OnClassCondition)

   SpringApplicationAdminJmxAutoConfiguration:
      Did not match:
         - @ConditionalOnBooleanProperty (spring.application.admin.enabled=true) did not find property 'spring.application.admin.enabled' (OnPropertyCondition)

   TaskExecutorConfigurations.SimpleAsyncTaskExecutorBuilderConfiguration#simpleAsyncTaskExecutorBuilderVirtualThreads:
      Did not match:
         - @ConditionalOnMissingBean (types: org.springframework.boot.task.SimpleAsyncTaskExecutorBuilder; SearchStrategy: all) found beans of type 'org.springframework.boot.task.SimpleAsyncTaskExecutorBuilder' simpleAsyncTaskExecutorBuilder (OnBeanCondition)

   TaskExecutorConfigurations.TaskExecutorConfiguration#applicationTaskExecutorVirtualThreads:
      Did not match:
         - @ConditionalOnThreading did not find VIRTUAL (OnThreadingCondition)

   TaskSchedulingAutoConfiguration#scheduledBeanLazyInitializationExcludeFilter:
      Did not match:
         - @ConditionalOnBean (names: org.springframework.context.annotation.internalScheduledAnnotationProcessor; SearchStrategy: all) did not find any beans named org.springframework.context.annotation.internalScheduledAnnotationProcessor (OnBeanCondition)

   TaskSchedulingConfigurations.SimpleAsyncTaskSchedulerBuilderConfiguration#simpleAsyncTaskSchedulerBuilderVirtualThreads:
      Did not match:
         - @ConditionalOnMissingBean (types: org.springframework.boot.task.SimpleAsyncTaskSchedulerBuilder; SearchStrategy: all) found beans of type 'org.springframework.boot.task.SimpleAsyncTaskSchedulerBuilder' simpleAsyncTaskSchedulerBuilder (OnBeanCondition)

   TaskSchedulingConfigurations.TaskSchedulerConfiguration:
      Did not match:
         - @ConditionalOnBean (names: org.springframework.context.annotation.internalScheduledAnnotationProcessor; SearchStrategy: all) did not find any beans named org.springframework.context.annotation.internalScheduledAnnotationProcessor (OnBeanCondition)

   ThymeleafAutoConfiguration:
      Did not match:
         - @ConditionalOnClass did not find required class 'org.thymeleaf.spring6.SpringTemplateEngine' (OnClassCondition)

   TransactionAutoConfiguration#transactionalOperator:
      Did not match:
         - @ConditionalOnSingleCandidate (types: org.springframework.transaction.ReactiveTransactionManager; SearchStrategy: all) did not find any beans (OnBeanCondition)

   TransactionAutoConfiguration.AspectJTransactionManagementConfiguration:
      Did not match:
         - @ConditionalOnBean (types: org.springframework.transaction.aspectj.AbstractTransactionAspect; SearchStrategy: all) did not find any beans of type org.springframework.transaction.aspectj.AbstractTransactionAspect (OnBeanCondition)

   TransactionAutoConfiguration.EnableTransactionManagementConfiguration.JdkDynamicAutoProxyConfiguration:
      Did not match:
         - @ConditionalOnBooleanProperty (spring.aop.proxy-target-class=false) did not find property 'spring.aop.proxy-target-class' (OnPropertyCondition)

   UserDetailsServiceAutoConfiguration:
      Did not match:
         - @ConditionalOnClass did not find required class 'org.springframework.security.authentication.AuthenticationManager' (OnClassCondition)

   WebClientAutoConfiguration:
      Did not match:
         - @ConditionalOnClass did not find required class 'org.springframework.web.reactive.function.client.WebClient' (OnClassCondition)

   WebFluxAutoConfiguration:
      Did not match:
         - @ConditionalOnClass did not find required class 'org.springframework.web.reactive.config.WebFluxConfigurer' (OnClassCondition)

   WebMvcAutoConfiguration#hiddenHttpMethodFilter:
      Did not match:
         - @ConditionalOnBooleanProperty (spring.mvc.hiddenmethod.filter.enabled=true) did not find property 'spring.mvc.hiddenmethod.filter.enabled' (OnPropertyCondition)

   WebMvcAutoConfiguration.ProblemDetailsErrorHandlingConfiguration:
      Did not match:
         - @ConditionalOnBooleanProperty (spring.mvc.problemdetails.enabled=true) did not find property 'spring.mvc.problemdetails.enabled' (OnPropertyCondition)

   WebMvcAutoConfiguration.ResourceChainCustomizerConfiguration:
      Did not match:
         - @ConditionalOnEnabledResourceChain did not find class org.webjars.WebJarVersionLocator (OnEnabledResourceChainCondition)

   WebMvcAutoConfiguration.WebMvcAutoConfigurationAdapter#beanNameViewResolver:
      Did not match:
         - @ConditionalOnMissingBean (types: org.springframework.web.servlet.view.BeanNameViewResolver; SearchStrategy: all) found beans of type 'org.springframework.web.servlet.view.BeanNameViewResolver' beanNameViewResolver (OnBeanCondition)

   WebServiceTemplateAutoConfiguration:
      Did not match:
         - @ConditionalOnClass did not find required class 'org.springframework.oxm.Marshaller' (OnClassCondition)

   WebServicesAutoConfiguration:
      Did not match:
         - @ConditionalOnClass did not find required class 'org.springframework.ws.transport.http.MessageDispatcherServlet' (OnClassCondition)

   WebSessionIdResolverAutoConfiguration:
      Did not match:
         - @ConditionalOnClass did not find required class 'reactor.core.publisher.Mono' (OnClassCondition)

   WebSocketMessagingAutoConfiguration:
      Did not match:
         - @ConditionalOnClass did not find required class 'org.springframework.web.socket.config.annotation.WebSocketMessageBrokerConfigurer' (OnClassCondition)

   WebSocketReactiveAutoConfiguration:
      Did not match:
         - @ConditionalOnWebApplication did not find reactive web application classes (OnWebApplicationCondition)

   WebSocketServletAutoConfiguration.JettyWebSocketConfiguration:
      Did not match:
         - @ConditionalOnClass did not find required class 'org.eclipse.jetty.ee10.websocket.jakarta.server.config.JakartaWebSocketServletContainerInitializer' (OnClassCondition)

   WebSocketServletAutoConfiguration.UndertowWebSocketConfiguration:
      Did not match:
         - @ConditionalOnClass did not find required class 'io.undertow.websockets.jsr.Bootstrap' (OnClassCondition)

   XADataSourceAutoConfiguration:
      Did not match:
         - @ConditionalOnBean (types: org.springframework.boot.jdbc.XADataSourceWrapper; SearchStrategy: all) did not find any beans of type org.springframework.boot.jdbc.XADataSourceWrapper (OnBeanCondition)
      Matched:
         - @ConditionalOnClass found required classes 'javax.sql.DataSource', 'jakarta.transaction.TransactionManager', 'org.springframework.jdbc.datasource.embedded.EmbeddedDatabaseType' (OnClassCondition)


Exclusions:
-----------

    None


Unconditional classes:
----------------------

    org.springframework.boot.autoconfigure.context.ConfigurationPropertiesAutoConfiguration

    org.springframework.boot.autoconfigure.ssl.SslAutoConfiguration

    org.springframework.boot.autoconfigure.context.LifecycleAutoConfiguration

    org.springframework.boot.autoconfigure.context.PropertyPlaceholderAutoConfiguration

    org.springframework.boot.autoconfigure.availability.ApplicationAvailabilityAutoConfiguration

    org.springframework.boot.autoconfigure.info.ProjectInfoAutoConfiguration



2026-04-24T23:51:26.209+05:30  INFO 13708 --- [gadget69-catalog-backend] [           main] c.gadget69.catalog.CatalogApplication    : Started CatalogApplication in 8.602 seconds (process running for 9.216)
2026-04-24T23:51:26.210+05:30 DEBUG 13708 --- [gadget69-catalog-backend] [           main] o.s.b.a.ApplicationAvailabilityBean      : Application availability state LivenessState changed to CORRECT
2026-04-24T23:51:26.314+05:30 DEBUG 13708 --- [gadget69-catalog-backend] [           main] org.hibernate.SQL                        : 
    select
        au1_0.id,
        au1_0.created_at,
        au1_0.email,
        au1_0.name,
        au1_0.password_hash,
        au1_0.token_version 
    from
        admin_users au1_0 
    where
        upper(au1_0.email)=upper(?)
2026-04-24T23:51:26.383+05:30 DEBUG 13708 --- [gadget69-catalog-backend] [           main] org.hibernate.SQL                        : 
    select
        count(*) 
    from
        sections s1_0
2026-04-24T23:51:26.387+05:30 DEBUG 13708 --- [gadget69-catalog-backend] [           main] org.hibernate.SQL                        : 
    select
        ss1_0.id,
        ss1_0.announcement_items,
        ss1_0.catalogue_url,
        ss1_0.contact_url,
        ss1_0.created_at,
        ss1_0.favicon_url,
        ss1_0.footer_text,
        ss1_0.instagram_url,
        ss1_0.logo_url,
        ss1_0.meta_description,
        ss1_0.shop_phone,
        ss1_0.site_title,
        ss1_0.support_email,
        ss1_0.updated_at,
        ss1_0.whatsapp_number 
    from
        store_settings ss1_0 
    order by
        ss1_0.id 
    fetch
        first ? rows only
2026-04-24T23:51:26.430+05:30 DEBUG 13708 --- [gadget69-catalog-backend] [           main] org.hibernate.SQL                        : 
    select
        count(*) 
    from
        reviews r1_0
2026-04-24T23:51:26.434+05:30 DEBUG 13708 --- [gadget69-catalog-backend] [           main] org.hibernate.SQL                        : 
    select
        p1_0.id,
        p1_0.created_at,
        p1_0.default_thumbnail_url,
        p1_0.description,
        p1_0.display_order,
        p1_0.gallery_images,
        p1_0.image_url,
        p1_0.is_best_seller,
        p1_0.is_featured,
        p1_0.is_hero_featured,
        p1_0.is_new_launch,
        p1_0.model_number,
        p1_0.mrp,
        p1_0.name,
        p1_0.offer_flag,
        p1_0.offer_end_date,
        p1_0.offer_price,
        p1_0.offer_start_date,
        p1_0.price,
        p1_0.section_id,
        p1_0.short_description,
        p1_0.slug,
        p1_0.specifications,
        p1_0.status,
        p1_0.stock_quantity,
        p1_0.updated_at,
        p1_0.video_url 
    from
        products p1_0
2026-04-24T23:51:26.461+05:30 DEBUG 13708 --- [gadget69-catalog-backend] [           main] org.hibernate.SQL                        : 
    select
        v1_0.product_id,
        v1_0.id,
        v1_0.color_name,
        v1_0.created_at,
        v1_0.display_order,
        v1_0.hex_code,
        v1_0.is_default,
        v1_0.price,
        v1_0.price_adjustment,
        v1_0.size,
        v1_0.sku,
        v1_0.stock 
    from
        product_variants v1_0 
    where
        v1_0.product_id=? 
    order by
        v1_0.display_order,
        v1_0.id
2026-04-24T23:51:26.464+05:30 DEBUG 13708 --- [gadget69-catalog-backend] [           main] org.hibernate.SQL                        : 
    select
        v1_0.product_id,
        v1_0.id,
        v1_0.color_name,
        v1_0.created_at,
        v1_0.display_order,
        v1_0.hex_code,
        v1_0.is_default,
        v1_0.price,
        v1_0.price_adjustment,
        v1_0.size,
        v1_0.sku,
        v1_0.stock 
    from
        product_variants v1_0 
    where
        v1_0.product_id=? 
    order by
        v1_0.display_order,
        v1_0.id
2026-04-24T23:51:26.465+05:30 DEBUG 13708 --- [gadget69-catalog-backend] [           main] org.hibernate.SQL                        : 
    select
        v1_0.product_id,
        v1_0.id,
        v1_0.color_name,
        v1_0.created_at,
        v1_0.display_order,
        v1_0.hex_code,
        v1_0.is_default,
        v1_0.price,
        v1_0.price_adjustment,
        v1_0.size,
        v1_0.sku,
        v1_0.stock 
    from
        product_variants v1_0 
    where
        v1_0.product_id=? 
    order by
        v1_0.display_order,
        v1_0.id
2026-04-24T23:51:26.475+05:30 DEBUG 13708 --- [gadget69-catalog-backend] [           main] org.hibernate.SQL                        : 
    select
        ss1_0.id,
        ss1_0.announcement_items,
        ss1_0.catalogue_url,
        ss1_0.contact_url,
        ss1_0.created_at,
        ss1_0.favicon_url,
        ss1_0.footer_text,
        ss1_0.instagram_url,
        ss1_0.logo_url,
        ss1_0.meta_description,
        ss1_0.shop_phone,
        ss1_0.site_title,
        ss1_0.support_email,
        ss1_0.updated_at,
        ss1_0.whatsapp_number 
    from
        store_settings ss1_0 
    order by
        ss1_0.id 
    fetch
        first ? rows only
2026-04-24T23:51:26.478+05:30 DEBUG 13708 --- [gadget69-catalog-backend] [           main] org.hibernate.SQL                        : 
    select
        p1_0.id,
        p1_0.created_at,
        p1_0.default_thumbnail_url,
        p1_0.description,
        p1_0.display_order,
        p1_0.gallery_images,
        p1_0.image_url,
        p1_0.is_best_seller,
        p1_0.is_featured,
        p1_0.is_hero_featured,
        p1_0.is_new_launch,
        p1_0.model_number,
        p1_0.mrp,
        p1_0.name,
        p1_0.offer_flag,
        p1_0.offer_end_date,
        p1_0.offer_price,
        p1_0.offer_start_date,
        p1_0.price,
        p1_0.section_id,
        p1_0.short_description,
        p1_0.slug,
        p1_0.specifications,
        p1_0.status,
        p1_0.stock_quantity,
        p1_0.updated_at,
        p1_0.video_url 
    from
        products p1_0
2026-04-24T23:51:26.485+05:30 DEBUG 13708 --- [gadget69-catalog-backend] [           main] org.hibernate.SQL                        : 
    select
        pm1_0.id,
        pm1_0.display_order,
        pm1_0.is_primary,
        pm1_0.media_role,
        pm1_0.media_type,
        pm1_0.media_url,
        pm1_0.product_id 
    from
        product_media pm1_0 
    join
        products p1_0 
            on p1_0.id=pm1_0.product_id 
    where
        p1_0.id=? 
    order by
        pm1_0.display_order,
        pm1_0.id
2026-04-24T23:51:26.495+05:30 DEBUG 13708 --- [gadget69-catalog-backend] [           main] org.hibernate.SQL                        : 
    select
        pm1_0.id,
        pm1_0.display_order,
        pm1_0.is_primary,
        pm1_0.media_role,
        pm1_0.media_type,
        pm1_0.media_url,
        pm1_0.product_id 
    from
        product_media pm1_0 
    join
        products p1_0 
            on p1_0.id=pm1_0.product_id 
    where
        p1_0.id=? 
    order by
        pm1_0.display_order,
        pm1_0.id
2026-04-24T23:51:26.499+05:30 DEBUG 13708 --- [gadget69-catalog-backend] [           main] org.hibernate.SQL                        : 
    select
        pm1_0.id,
        pm1_0.display_order,
        pm1_0.is_primary,
        pm1_0.media_role,
        pm1_0.media_type,
        pm1_0.media_url,
        pm1_0.product_id 
    from
        product_media pm1_0 
    join
        products p1_0 
            on p1_0.id=pm1_0.product_id 
    where
        p1_0.id=? 
    order by
        pm1_0.display_order,
        pm1_0.id
2026-04-24T23:51:26.503+05:30 DEBUG 13708 --- [gadget69-catalog-backend] [           main] org.hibernate.SQL                        : 
    select
        vm1_0.id,
        vm1_0.display_order,
        vm1_0.is_primary,
        vm1_0.media_role,
        vm1_0.media_type,
        vm1_0.media_url,
        vm1_0.variant_id 
    from
        variant_media vm1_0
2026-04-24T23:51:26.505+05:30 DEBUG 13708 --- [gadget69-catalog-backend] [           main] o.s.jdbc.core.JdbcTemplate               : Executing SQL statement [ALTER TABLE store_settings DROP COLUMN IF EXISTS facebook_url]
2026-04-24T23:51:26.510+05:30 DEBUG 13708 --- [gadget69-catalog-backend] [           main] o.s.b.a.ApplicationAvailabilityBean      : Application availability state ReadinessState changed to ACCEPTING_TRAFFIC
2026-04-24T23:51:41.346+05:30  INFO 13708 --- [gadget69-catalog-backend] [nio-8081-exec-1] o.a.c.c.C.[Tomcat].[localhost].[/]       : Initializing Spring DispatcherServlet 'dispatcherServlet'
2026-04-24T23:51:41.346+05:30  INFO 13708 --- [gadget69-catalog-backend] [nio-8081-exec-1] o.s.web.servlet.DispatcherServlet        : Initializing Servlet 'dispatcherServlet'
2026-04-24T23:51:41.347+05:30 DEBUG 13708 --- [gadget69-catalog-backend] [nio-8081-exec-1] o.s.web.servlet.DispatcherServlet        : Detected StandardServletMultipartResolver
2026-04-24T23:51:41.347+05:30 DEBUG 13708 --- [gadget69-catalog-backend] [nio-8081-exec-1] o.s.web.servlet.DispatcherServlet        : Detected AcceptHeaderLocaleResolver
2026-04-24T23:51:41.347+05:30 DEBUG 13708 --- [gadget69-catalog-backend] [nio-8081-exec-1] o.s.web.servlet.DispatcherServlet        : Detected FixedThemeResolver
2026-04-24T23:51:41.348+05:30 DEBUG 13708 --- [gadget69-catalog-backend] [nio-8081-exec-1] o.s.web.servlet.DispatcherServlet        : Detected org.springframework.web.servlet.view.DefaultRequestToViewNameTranslator@6c42c856
2026-04-24T23:51:41.349+05:30 DEBUG 13708 --- [gadget69-catalog-backend] [nio-8081-exec-1] o.s.web.servlet.DispatcherServlet        : Detected org.springframework.web.servlet.support.SessionFlashMapManager@8b62702
2026-04-24T23:51:41.349+05:30 DEBUG 13708 --- [gadget69-catalog-backend] [nio-8081-exec-1] o.s.web.servlet.DispatcherServlet        : enableLoggingRequestDetails='false': request parameters and headers will be masked to prevent unsafe logging of potentially sensitive data
2026-04-24T23:51:41.350+05:30  INFO 13708 --- [gadget69-catalog-backend] [nio-8081-exec-1] o.s.web.servlet.DispatcherServlet        : Completed initialization in 4 ms
2026-04-24T23:51:41.364+05:30 DEBUG 13708 --- [gadget69-catalog-backend] [nio-8081-exec-1] o.s.web.servlet.DispatcherServlet        : GET "/api/health", parameters={}
2026-04-24T23:51:41.382+05:30 DEBUG 13708 --- [gadget69-catalog-backend] [nio-8081-exec-1] s.w.s.m.m.a.RequestMappingHandlerMapping : Mapped to com.gadget69.catalog.controller.PublicCatalogController#health()
2026-04-24T23:51:41.481+05:30 DEBUG 13708 --- [gadget69-catalog-backend] [nio-8081-exec-1] m.m.a.RequestResponseBodyMethodProcessor : Using 'application/json', given [*/*] and supported [application/json, application/*+json]
2026-04-24T23:51:41.483+05:30 DEBUG 13708 --- [gadget69-catalog-backend] [nio-8081-exec-1] m.m.a.RequestResponseBodyMethodProcessor : Writing [{status=UP, service=gadget69-catalog-backend}]
2026-04-24T23:51:41.504+05:30 DEBUG 13708 --- [gadget69-catalog-backend] [nio-8081-exec-1] o.s.web.servlet.DispatcherServlet        : Completed 200 OK
2026-04-24T23:52:16.052+05:30 DEBUG 13708 --- [gadget69-catalog-backend] [nio-8081-exec-3] o.s.web.servlet.DispatcherServlet        : GET "/api/community-media", parameters={}
2026-04-24T23:52:16.056+05:30 DEBUG 13708 --- [gadget69-catalog-backend] [nio-8081-exec-3] s.w.s.m.m.a.RequestMappingHandlerMapping : Mapped to com.gadget69.catalog.controller.PublicCatalogController#communityMedia()
2026-04-24T23:52:16.090+05:30 DEBUG 13708 --- [gadget69-catalog-backend] [nio-8081-exec-6] o.s.web.servlet.DispatcherServlet        : GET "/api/sections", parameters={}
2026-04-24T23:52:16.092+05:30 DEBUG 13708 --- [gadget69-catalog-backend] [nio-8081-exec-6] s.w.s.m.m.a.RequestMappingHandlerMapping : Mapped to com.gadget69.catalog.controller.PublicCatalogController#sections()
2026-04-24T23:52:16.098+05:30 DEBUG 13708 --- [gadget69-catalog-backend] [nio-8081-exec-4] o.s.web.servlet.DispatcherServlet        : GET "/api/products", parameters={}
2026-04-24T23:52:16.099+05:30 DEBUG 13708 --- [gadget69-catalog-backend] [nio-8081-exec-4] s.w.s.m.m.a.RequestMappingHandlerMapping : Mapped to com.gadget69.catalog.controller.PublicCatalogController#products()
2026-04-24T23:52:16.182+05:30 DEBUG 13708 --- [gadget69-catalog-backend] [nio-8081-exec-4] org.hibernate.SQL                        : 
    select
        p1_0.id,
        p1_0.created_at,
        p1_0.default_thumbnail_url,
        p1_0.description,
        p1_0.display_order,
        p1_0.gallery_images,
        p1_0.image_url,
        p1_0.is_best_seller,
        p1_0.is_featured,
        p1_0.is_hero_featured,
        p1_0.is_new_launch,
        p1_0.model_number,
        p1_0.mrp,
        p1_0.name,
        p1_0.offer_flag,
        p1_0.offer_end_date,
        p1_0.offer_price,
        p1_0.offer_start_date,
        p1_0.price,
        p1_0.section_id,
        s1_0.id,
        s1_0.accent_tone,
        s1_0.created_at,
        s1_0.description,
        s1_0.image_url,
        s1_0.is_active,
        s1_0.name,
        s1_0.show_in_explore,
        s1_0.show_in_top_category,
        s1_0.sort_order,
        s1_0.updated_at,
        p1_0.short_description,
        p1_0.slug,
        p1_0.specifications,
        p1_0.status,
        p1_0.stock_quantity,
        p1_0.updated_at,
        p1_0.video_url 
    from
        products p1_0 
    join
        sections s1_0 
            on s1_0.id=p1_0.section_id 
    order by
        p1_0.display_order,
        p1_0.created_at desc
2026-04-24T23:52:16.191+05:30 DEBUG 13708 --- [gadget69-catalog-backend] [nio-8081-exec-6] org.hibernate.SQL                        : 
    select
        s1_0.id,
        s1_0.accent_tone,
        s1_0.created_at,
        s1_0.description,
        s1_0.image_url,
        s1_0.is_active,
        s1_0.name,
        s1_0.show_in_explore,
        s1_0.show_in_top_category,
        s1_0.sort_order,
        s1_0.updated_at 
    from
        sections s1_0 
    order by
        s1_0.sort_order,
        s1_0.name
2026-04-24T23:52:16.202+05:30 DEBUG 13708 --- [gadget69-catalog-backend] [nio-8081-exec-3] org.hibernate.SQL                        : 
    select
        cm1_0.id,
        cm1_0.action_link,
        cm1_0.caption,
        cm1_0.created_at,
        cm1_0.display_order,
        cm1_0.image_url,
        cm1_0.is_active,
        cm1_0.media_type,
        cm1_0.thumbnail_url,
        cm1_0.title,
        cm1_0.updated_at,
        cm1_0.video_duration,
        cm1_0.video_height,
        cm1_0.video_public_id,
        cm1_0.video_url,
        cm1_0.video_width 
    from
        community_media cm1_0 
    where
        cm1_0.is_active 
    order by
        cm1_0.display_order,
        cm1_0.id
2026-04-24T23:52:16.211+05:30 DEBUG 13708 --- [gadget69-catalog-backend] [nio-8081-exec-4] org.hibernate.SQL                        : 
    select
        v1_0.product_id,
        v1_0.id,
        v1_0.color_name,
        v1_0.created_at,
        v1_0.display_order,
        v1_0.hex_code,
        v1_0.is_default,
        v1_0.price,
        v1_0.price_adjustment,
        v1_0.size,
        v1_0.sku,
        v1_0.stock 
    from
        product_variants v1_0 
    where
        v1_0.product_id=? 
    order by
        v1_0.display_order,
        v1_0.id
2026-04-24T23:52:16.214+05:30 DEBUG 13708 --- [gadget69-catalog-backend] [nio-8081-exec-4] org.hibernate.SQL                        : 
    select
        m1_0.product_id,
        m1_0.id,
        m1_0.display_order,
        m1_0.is_primary,
        m1_0.media_role,
        m1_0.media_type,
        m1_0.media_url 
    from
        product_media m1_0 
    where
        m1_0.product_id=? 
    order by
        m1_0.display_order,
        m1_0.id
2026-04-24T23:52:16.229+05:30 DEBUG 13708 --- [gadget69-catalog-backend] [nio-8081-exec-4] org.hibernate.SQL                        : 
    select
        v1_0.product_id,
        v1_0.id,
        v1_0.color_name,
        v1_0.created_at,
        v1_0.display_order,
        v1_0.hex_code,
        v1_0.is_default,
        v1_0.price,
        v1_0.price_adjustment,
        v1_0.size,
        v1_0.sku,
        v1_0.stock 
    from
        product_variants v1_0 
    where
        v1_0.product_id=? 
    order by
        v1_0.display_order,
        v1_0.id
2026-04-24T23:52:16.249+05:30 DEBUG 13708 --- [gadget69-catalog-backend] [nio-8081-exec-4] org.hibernate.SQL                        : 
    select
        m1_0.product_id,
        m1_0.id,
        m1_0.display_order,
        m1_0.is_primary,
        m1_0.media_role,
        m1_0.media_type,
        m1_0.media_url 
    from
        product_media m1_0 
    where
        m1_0.product_id=? 
    order by
        m1_0.display_order,
        m1_0.id
2026-04-24T23:52:16.260+05:30 DEBUG 13708 --- [gadget69-catalog-backend] [nio-8081-exec-4] org.hibernate.SQL                        : 
    select
        v1_0.product_id,
        v1_0.id,
        v1_0.color_name,
        v1_0.created_at,
        v1_0.display_order,
        v1_0.hex_code,
        v1_0.is_default,
        v1_0.price,
        v1_0.price_adjustment,
        v1_0.size,
        v1_0.sku,
        v1_0.stock 
    from
        product_variants v1_0 
    where
        v1_0.product_id=? 
    order by
        v1_0.display_order,
        v1_0.id
2026-04-24T23:52:16.264+05:30 DEBUG 13708 --- [gadget69-catalog-backend] [nio-8081-exec-4] org.hibernate.SQL                        : 
    select
        m1_0.product_id,
        m1_0.id,
        m1_0.display_order,
        m1_0.is_primary,
        m1_0.media_role,
        m1_0.media_type,
        m1_0.media_url 
    from
        product_media m1_0 
    where
        m1_0.product_id=? 
    order by
        m1_0.display_order,
        m1_0.id
2026-04-24T23:52:16.293+05:30 DEBUG 13708 --- [gadget69-catalog-backend] [nio-8081-exec-3] m.m.a.RequestResponseBodyMethodProcessor : Using 'application/json', given [application/json, text/plain, */*] and supported [application/json, application/*+json]
2026-04-24T23:52:16.293+05:30 DEBUG 13708 --- [gadget69-catalog-backend] [nio-8081-exec-6] m.m.a.RequestResponseBodyMethodProcessor : Using 'application/json', given [application/json, text/plain, */*] and supported [application/json, application/*+json]
2026-04-24T23:52:16.293+05:30 DEBUG 13708 --- [gadget69-catalog-backend] [nio-8081-exec-4] m.m.a.RequestResponseBodyMethodProcessor : Using 'application/json', given [application/json, text/plain, */*] and supported [application/json, application/*+json]
2026-04-24T23:52:16.338+05:30 DEBUG 13708 --- [gadget69-catalog-backend] [nio-8081-exec-6] m.m.a.RequestResponseBodyMethodProcessor : Writing [[SectionResponse[id=1, name=Smartphones, description=Premium flagship smartphones, imageUrl=https:// (truncated)...]
2026-04-24T23:52:16.344+05:30 DEBUG 13708 --- [gadget69-catalog-backend] [nio-8081-exec-3] m.m.a.RequestResponseBodyMethodProcessor : Writing [[CommunityMediaResponse[id=1, title=Premium Sound Experience, caption=Premium Sound Experience, medi (truncated)...]
2026-04-24T23:52:16.419+05:30 DEBUG 13708 --- [gadget69-catalog-backend] [nio-8081-exec-4] m.m.a.RequestResponseBodyMethodProcessor : Writing [[ProductResponse[id=1, name=Gadget Pro Max, description=Titanium flagship phone with pro-grade camer (truncated)...]
2026-04-24T23:52:16.505+05:30 DEBUG 13708 --- [gadget69-catalog-backend] [nio-8081-exec-6] o.s.web.servlet.DispatcherServlet        : Completed 200 OK
2026-04-24T23:52:16.514+05:30 DEBUG 13708 --- [gadget69-catalog-backend] [nio-8081-exec-3] o.s.web.servlet.DispatcherServlet        : Completed 200 OK
2026-04-24T23:52:16.569+05:30 DEBUG 13708 --- [gadget69-catalog-backend] [nio-8081-exec-4] o.s.web.servlet.DispatcherServlet        : Completed 200 OK
2026-04-24T23:52:18.380+05:30 DEBUG 13708 --- [gadget69-catalog-backend] [nio-8081-exec-5] o.s.web.servlet.DispatcherServlet        : GET "/api/settings", parameters={}
2026-04-24T23:52:18.381+05:30 DEBUG 13708 --- [gadget69-catalog-backend] [nio-8081-exec-7] o.s.web.servlet.DispatcherServlet        : GET "/api/banners", parameters={}
2026-04-24T23:52:18.381+05:30 DEBUG 13708 --- [gadget69-catalog-backend] [nio-8081-exec-5] s.w.s.m.m.a.RequestMappingHandlerMapping : Mapped to com.gadget69.catalog.controller.PublicCatalogController#settings()
2026-04-24T23:52:18.381+05:30 DEBUG 13708 --- [gadget69-catalog-backend] [nio-8081-exec-7] s.w.s.m.m.a.RequestMappingHandlerMapping : Mapped to com.gadget69.catalog.controller.PublicCatalogController#banners()
2026-04-24T23:52:18.383+05:30 DEBUG 13708 --- [gadget69-catalog-backend] [nio-8081-exec-7] org.hibernate.SQL                        : 
    select
        b1_0.id,
        b1_0.created_at,
        b1_0.cta_link,
        b1_0.cta_text,
        b1_0.desktop_image_url,
        b1_0.display_order,
        b1_0.is_active,
        b1_0.linked_product_id,
        b1_0.mobile_image_url,
        b1_0.title,
        b1_0.updated_at 
    from
        banners b1_0 
    where
        b1_0.is_active 
    order by
        b1_0.display_order,
        b1_0.id
2026-04-24T23:52:18.423+05:30 DEBUG 13708 --- [gadget69-catalog-backend] [nio-8081-exec-5] org.hibernate.SQL                        : 
    select
        ss1_0.id,
        ss1_0.announcement_items,
        ss1_0.catalogue_url,
        ss1_0.contact_url,
        ss1_0.created_at,
        ss1_0.favicon_url,
        ss1_0.footer_text,
        ss1_0.instagram_url,
        ss1_0.logo_url,
        ss1_0.meta_description,
        ss1_0.shop_phone,
        ss1_0.site_title,
        ss1_0.support_email,
        ss1_0.updated_at,
        ss1_0.whatsapp_number 
    from
        store_settings ss1_0 
    order by
        ss1_0.id 
    fetch
        first ? rows only
2026-04-24T23:52:18.447+05:30 DEBUG 13708 --- [gadget69-catalog-backend] [nio-8081-exec-7] m.m.a.RequestResponseBodyMethodProcessor : Using 'application/json', given [application/json, text/plain, */*] and supported [application/json, application/*+json]
2026-04-24T23:52:18.448+05:30 DEBUG 13708 --- [gadget69-catalog-backend] [nio-8081-exec-7] m.m.a.RequestResponseBodyMethodProcessor : Writing [[BannerResponse[id=1, title=New Gadget Pro Max, desktopImageUrl=https://images.unsplash.com/photo-15 (truncated)...]
2026-04-24T23:52:18.488+05:30 DEBUG 13708 --- [gadget69-catalog-backend] [nio-8081-exec-7] o.s.web.servlet.DispatcherServlet        : Completed 200 OK
2026-04-24T23:52:18.522+05:30 DEBUG 13708 --- [gadget69-catalog-backend] [nio-8081-exec-5] m.m.a.RequestResponseBodyMethodProcessor : Using 'application/json', given [application/json, text/plain, */*] and supported [application/json, application/*+json]
2026-04-24T23:52:18.650+05:30 DEBUG 13708 --- [gadget69-catalog-backend] [nio-8081-exec-5] m.m.a.RequestResponseBodyMethodProcessor : Writing [SettingsResponse[id=1, siteTitle=Gadget69, metaDescription=Premium electronics crafted for those who (truncated)...]
2026-04-24T23:52:18.659+05:30 DEBUG 13708 --- [gadget69-catalog-backend] [nio-8081-exec-5] o.s.web.servlet.DispatcherServlet        : Completed 200 OK
2026-04-24T23:52:27.681+05:30 DEBUG 13708 --- [gadget69-catalog-backend] [nio-8081-exec-8] o.s.web.servlet.DispatcherServlet        : GET "/api/reviews", parameters={}
2026-04-24T23:52:27.682+05:30 DEBUG 13708 --- [gadget69-catalog-backend] [nio-8081-exec-8] s.w.s.m.m.a.RequestMappingHandlerMapping : Mapped to com.gadget69.catalog.controller.PublicCatalogController#reviews()
2026-04-24T23:52:27.694+05:30 DEBUG 13708 --- [gadget69-catalog-backend] [nio-8081-exec-8] org.hibernate.SQL                        : 
    select
        r1_0.id,
        r1_0.avatar,
        r1_0.comment,
        r1_0.created_at,
        r1_0.name,
        r1_0.rating,
        r1_0.review_date,
        r1_0.updated_at 
    from
        reviews r1_0 
    order by
        r1_0.review_date desc,
        r1_0.id desc
2026-04-24T23:52:27.701+05:30 DEBUG 13708 --- [gadget69-catalog-backend] [nio-8081-exec-8] m.m.a.RequestResponseBodyMethodProcessor : Using 'application/json', given [application/json, text/plain, */*] and supported [application/json, application/*+json]
2026-04-24T23:52:27.712+05:30 DEBUG 13708 --- [gadget69-catalog-backend] [nio-8081-exec-8] m.m.a.RequestResponseBodyMethodProcessor : Writing [[ReviewResponse[id=1, name=Aarav Nair, rating=5, comment=Quick delivery, clean packaging, and the pr (truncated)...]
2026-04-24T23:52:27.724+05:30 DEBUG 13708 --- [gadget69-catalog-backend] [nio-8081-exec-8] o.s.web.servlet.DispatcherServlet        : Completed 200 OK
2026-04-25T00:08:11.511+05:30 DEBUG 13708 --- [gadget69-catalog-backend] [nio-8081-exec-9] o.s.web.servlet.DispatcherServlet        : GET "/api/products", parameters={}
2026-04-25T00:08:11.513+05:30 DEBUG 13708 --- [gadget69-catalog-backend] [nio-8081-exec-9] s.w.s.m.m.a.RequestMappingHandlerMapping : Mapped to com.gadget69.catalog.controller.PublicCatalogController#products()
2026-04-25T00:08:11.529+05:30 DEBUG 13708 --- [gadget69-catalog-backend] [nio-8081-exec-9] org.hibernate.SQL                        : 
    select
        p1_0.id,
        p1_0.created_at,
        p1_0.default_thumbnail_url,
        p1_0.description,
        p1_0.display_order,
        p1_0.gallery_images,
        p1_0.image_url,
        p1_0.is_best_seller,
        p1_0.is_featured,
        p1_0.is_hero_featured,
        p1_0.is_new_launch,
        p1_0.model_number,
        p1_0.mrp,
        p1_0.name,
        p1_0.offer_flag,
        p1_0.offer_end_date,
        p1_0.offer_price,
        p1_0.offer_start_date,
        p1_0.price,
        p1_0.section_id,
        s1_0.id,
        s1_0.accent_tone,
        s1_0.created_at,
        s1_0.description,
        s1_0.image_url,
        s1_0.is_active,
        s1_0.name,
        s1_0.show_in_explore,
        s1_0.show_in_top_category,
        s1_0.sort_order,
        s1_0.updated_at,
        p1_0.short_description,
        p1_0.slug,
        p1_0.specifications,
        p1_0.status,
        p1_0.stock_quantity,
        p1_0.updated_at,
        p1_0.video_url 
    from
        products p1_0 
    join
        sections s1_0 
            on s1_0.id=p1_0.section_id 
    order by
        p1_0.display_order,
        p1_0.created_at desc
2026-04-25T00:08:11.551+05:30 DEBUG 13708 --- [gadget69-catalog-backend] [nio-8081-exec-9] org.hibernate.SQL                        : 
    select
        v1_0.product_id,
        v1_0.id,
        v1_0.color_name,
        v1_0.created_at,
        v1_0.display_order,
        v1_0.hex_code,
        v1_0.is_default,
        v1_0.price,
        v1_0.price_adjustment,
        v1_0.size,
        v1_0.sku,
        v1_0.stock 
    from
        product_variants v1_0 
    where
        v1_0.product_id=? 
    order by
        v1_0.display_order,
        v1_0.id
2026-04-25T00:08:11.553+05:30 DEBUG 13708 --- [gadget69-catalog-backend] [nio-8081-exec-9] org.hibernate.SQL                        : 
    select
        m1_0.product_id,
        m1_0.id,
        m1_0.display_order,
        m1_0.is_primary,
        m1_0.media_role,
        m1_0.media_type,
        m1_0.media_url 
    from
        product_media m1_0 
    where
        m1_0.product_id=? 
    order by
        m1_0.display_order,
        m1_0.id
2026-04-25T00:08:11.553+05:30 DEBUG 13708 --- [gadget69-catalog-backend] [nio-8081-exec-9] org.hibernate.SQL                        : 
    select
        v1_0.product_id,
        v1_0.id,
        v1_0.color_name,
        v1_0.created_at,
        v1_0.display_order,
        v1_0.hex_code,
        v1_0.is_default,
        v1_0.price,
        v1_0.price_adjustment,
        v1_0.size,
        v1_0.sku,
        v1_0.stock 
    from
        product_variants v1_0 
    where
        v1_0.product_id=? 
    order by
        v1_0.display_order,
        v1_0.id
2026-04-25T00:08:11.555+05:30 DEBUG 13708 --- [gadget69-catalog-backend] [nio-8081-exec-9] org.hibernate.SQL                        : 
    select
        m1_0.product_id,
        m1_0.id,
        m1_0.display_order,
        m1_0.is_primary,
        m1_0.media_role,
        m1_0.media_type,
        m1_0.media_url 
    from
        product_media m1_0 
    where
        m1_0.product_id=? 
    order by
        m1_0.display_order,
        m1_0.id
2026-04-25T00:08:11.557+05:30 DEBUG 13708 --- [gadget69-catalog-backend] [nio-8081-exec-9] org.hibernate.SQL                        : 
    select
        v1_0.product_id,
        v1_0.id,
        v1_0.color_name,
        v1_0.created_at,
        v1_0.display_order,
        v1_0.hex_code,
        v1_0.is_default,
        v1_0.price,
        v1_0.price_adjustment,
        v1_0.size,
        v1_0.sku,
        v1_0.stock 
    from
        product_variants v1_0 
    where
        v1_0.product_id=? 
    order by
        v1_0.display_order,
        v1_0.id
2026-04-25T00:08:11.559+05:30 DEBUG 13708 --- [gadget69-catalog-backend] [nio-8081-exec-9] org.hibernate.SQL                        : 
    select
        m1_0.product_id,
        m1_0.id,
        m1_0.display_order,
        m1_0.is_primary,
        m1_0.media_role,
        m1_0.media_type,
        m1_0.media_url 
    from
        product_media m1_0 
    where
        m1_0.product_id=? 
    order by
        m1_0.display_order,
        m1_0.id
2026-04-25T00:08:11.561+05:30 DEBUG 13708 --- [gadget69-catalog-backend] [nio-8081-exec-9] m.m.a.RequestResponseBodyMethodProcessor : Using 'application/json', given [*/*] and supported [application/json, application/*+json]
2026-04-25T00:08:11.563+05:30 DEBUG 13708 --- [gadget69-catalog-backend] [io-8081-exec-10] o.s.web.servlet.DispatcherServlet        : GET "/api/sections", parameters={}
2026-04-25T00:08:11.563+05:30 DEBUG 13708 --- [gadget69-catalog-backend] [io-8081-exec-10] s.w.s.m.m.a.RequestMappingHandlerMapping : Mapped to com.gadget69.catalog.controller.PublicCatalogController#sections()
2026-04-25T00:08:11.570+05:30 DEBUG 13708 --- [gadget69-catalog-backend] [nio-8081-exec-9] m.m.a.RequestResponseBodyMethodProcessor : Writing [[ProductResponse[id=1, name=Gadget Pro Max, description=Titanium flagship phone with pro-grade camer (truncated)...]
2026-04-25T00:08:11.571+05:30 DEBUG 13708 --- [gadget69-catalog-backend] [io-8081-exec-10] org.hibernate.SQL                        : 
    select
        s1_0.id,
        s1_0.accent_tone,
        s1_0.created_at,
        s1_0.description,
        s1_0.image_url,
        s1_0.is_active,
        s1_0.name,
        s1_0.show_in_explore,
        s1_0.show_in_top_category,
        s1_0.sort_order,
        s1_0.updated_at 
    from
        sections s1_0 
    order by
        s1_0.sort_order,
        s1_0.name
2026-04-25T00:08:11.571+05:30 DEBUG 13708 --- [gadget69-catalog-backend] [nio-8081-exec-9] o.s.web.servlet.DispatcherServlet        : Completed 200 OK
2026-04-25T00:08:11.574+05:30 DEBUG 13708 --- [gadget69-catalog-backend] [io-8081-exec-10] m.m.a.RequestResponseBodyMethodProcessor : Using 'application/json', given [*/*] and supported [application/json, application/*+json]
2026-04-25T00:08:11.574+05:30 DEBUG 13708 --- [gadget69-catalog-backend] [io-8081-exec-10] m.m.a.RequestResponseBodyMethodProcessor : Writing [[SectionResponse[id=1, name=Smartphones, description=Premium flagship smartphones, imageUrl=https:// (truncated)...]
2026-04-25T00:08:11.577+05:30 DEBUG 13708 --- [gadget69-catalog-backend] [io-8081-exec-10] o.s.web.servlet.DispatcherServlet        : Completed 200 OK
2026-04-25T00:08:19.847+05:30 DEBUG 13708 --- [gadget69-catalog-backend] [io-8081-exec-13] o.s.web.servlet.DispatcherServlet        : GET "/api/banners", parameters={}
2026-04-25T00:08:19.850+05:30 DEBUG 13708 --- [gadget69-catalog-backend] [io-8081-exec-13] s.w.s.m.m.a.RequestMappingHandlerMapping : Mapped to com.gadget69.catalog.controller.PublicCatalogController#banners()
2026-04-25T00:08:19.854+05:30 DEBUG 13708 --- [gadget69-catalog-backend] [io-8081-exec-13] org.hibernate.SQL                        : 
    select
        b1_0.id,
        b1_0.created_at,
        b1_0.cta_link,
        b1_0.cta_text,
        b1_0.desktop_image_url,
        b1_0.display_order,
        b1_0.is_active,
        b1_0.linked_product_id,
        b1_0.mobile_image_url,
        b1_0.title,
        b1_0.updated_at 
    from
        banners b1_0 
    where
        b1_0.is_active 
    order by
        b1_0.display_order,
        b1_0.id
2026-04-25T00:08:19.858+05:30 DEBUG 13708 --- [gadget69-catalog-backend] [io-8081-exec-13] m.m.a.RequestResponseBodyMethodProcessor : Using 'application/json', given [*/*] and supported [application/json, application/*+json]
2026-04-25T00:08:19.858+05:30 DEBUG 13708 --- [gadget69-catalog-backend] [io-8081-exec-13] m.m.a.RequestResponseBodyMethodProcessor : Writing [[BannerResponse[id=1, title=New Gadget Pro Max, desktopImageUrl=https://images.unsplash.com/photo-15 (truncated)...]
2026-04-25T00:08:19.862+05:30 DEBUG 13708 --- [gadget69-catalog-backend] [io-8081-exec-13] o.s.web.servlet.DispatcherServlet        : Completed 200 OK
2026-04-25T00:08:19.895+05:30 DEBUG 13708 --- [gadget69-catalog-backend] [io-8081-exec-14] o.s.web.servlet.DispatcherServlet        : GET "/api/settings", parameters={}
2026-04-25T00:08:19.897+05:30 DEBUG 13708 --- [gadget69-catalog-backend] [io-8081-exec-14] s.w.s.m.m.a.RequestMappingHandlerMapping : Mapped to com.gadget69.catalog.controller.PublicCatalogController#settings()
2026-04-25T00:08:19.901+05:30 DEBUG 13708 --- [gadget69-catalog-backend] [io-8081-exec-14] org.hibernate.SQL                        : 
    select
        ss1_0.id,
        ss1_0.announcement_items,
        ss1_0.catalogue_url,
        ss1_0.contact_url,
        ss1_0.created_at,
        ss1_0.favicon_url,
        ss1_0.footer_text,
        ss1_0.instagram_url,
        ss1_0.logo_url,
        ss1_0.meta_description,
        ss1_0.shop_phone,
        ss1_0.site_title,
        ss1_0.support_email,
        ss1_0.updated_at,
        ss1_0.whatsapp_number 
    from
        store_settings ss1_0 
    order by
        ss1_0.id 
    fetch
        first ? rows only
2026-04-25T00:08:19.907+05:30 DEBUG 13708 --- [gadget69-catalog-backend] [io-8081-exec-14] m.m.a.RequestResponseBodyMethodProcessor : Using 'application/json', given [*/*] and supported [application/json, application/*+json]
2026-04-25T00:08:19.907+05:30 DEBUG 13708 --- [gadget69-catalog-backend] [io-8081-exec-14] m.m.a.RequestResponseBodyMethodProcessor : Writing [SettingsResponse[id=1, siteTitle=Gadget69, metaDescription=Premium electronics crafted for those who (truncated)...]
2026-04-25T00:08:19.908+05:30 DEBUG 13708 --- [gadget69-catalog-backend] [io-8081-exec-14] o.s.web.servlet.DispatcherServlet        : Completed 200 OK
2026-04-25T00:08:19.924+05:30 DEBUG 13708 --- [gadget69-catalog-backend] [io-8081-exec-15] o.s.web.servlet.DispatcherServlet        : GET "/api/sections", parameters={}
2026-04-25T00:08:19.924+05:30 DEBUG 13708 --- [gadget69-catalog-backend] [io-8081-exec-15] s.w.s.m.m.a.RequestMappingHandlerMapping : Mapped to com.gadget69.catalog.controller.PublicCatalogController#sections()
2026-04-25T00:08:19.929+05:30 DEBUG 13708 --- [gadget69-catalog-backend] [io-8081-exec-15] org.hibernate.SQL                        : 
    select
        s1_0.id,
        s1_0.accent_tone,
        s1_0.created_at,
        s1_0.description,
        s1_0.image_url,
        s1_0.is_active,
        s1_0.name,
        s1_0.show_in_explore,
        s1_0.show_in_top_category,
        s1_0.sort_order,
        s1_0.updated_at 
    from
        sections s1_0 
    order by
        s1_0.sort_order,
        s1_0.name
2026-04-25T00:08:19.932+05:30 DEBUG 13708 --- [gadget69-catalog-backend] [io-8081-exec-15] m.m.a.RequestResponseBodyMethodProcessor : Using 'application/json', given [*/*] and supported [application/json, application/*+json]
2026-04-25T00:08:19.935+05:30 DEBUG 13708 --- [gadget69-catalog-backend] [io-8081-exec-15] m.m.a.RequestResponseBodyMethodProcessor : Writing [[SectionResponse[id=1, name=Smartphones, description=Premium flagship smartphones, imageUrl=https:// (truncated)...]
2026-04-25T00:08:19.935+05:30 DEBUG 13708 --- [gadget69-catalog-backend] [io-8081-exec-15] o.s.web.servlet.DispatcherServlet        : Completed 200 OK
2026-04-25T00:08:19.953+05:30 DEBUG 13708 --- [gadget69-catalog-backend] [io-8081-exec-16] o.s.web.servlet.DispatcherServlet        : GET "/api/products", parameters={}
2026-04-25T00:08:19.955+05:30 DEBUG 13708 --- [gadget69-catalog-backend] [io-8081-exec-16] s.w.s.m.m.a.RequestMappingHandlerMapping : Mapped to com.gadget69.catalog.controller.PublicCatalogController#products()
2026-04-25T00:08:19.961+05:30 DEBUG 13708 --- [gadget69-catalog-backend] [io-8081-exec-16] org.hibernate.SQL                        : 
    select
        p1_0.id,
        p1_0.created_at,
        p1_0.default_thumbnail_url,
        p1_0.description,
        p1_0.display_order,
        p1_0.gallery_images,
        p1_0.image_url,
        p1_0.is_best_seller,
        p1_0.is_featured,
        p1_0.is_hero_featured,
        p1_0.is_new_launch,
        p1_0.model_number,
        p1_0.mrp,
        p1_0.name,
        p1_0.offer_flag,
        p1_0.offer_end_date,
        p1_0.offer_price,
        p1_0.offer_start_date,
        p1_0.price,
        p1_0.section_id,
        s1_0.id,
        s1_0.accent_tone,
        s1_0.created_at,
        s1_0.description,
        s1_0.image_url,
        s1_0.is_active,
        s1_0.name,
        s1_0.show_in_explore,
        s1_0.show_in_top_category,
        s1_0.sort_order,
        s1_0.updated_at,
        p1_0.short_description,
        p1_0.slug,
        p1_0.specifications,
        p1_0.status,
        p1_0.stock_quantity,
        p1_0.updated_at,
        p1_0.video_url 
    from
        products p1_0 
    join
        sections s1_0 
            on s1_0.id=p1_0.section_id 
    order by
        p1_0.display_order,
        p1_0.created_at desc
2026-04-25T00:08:19.970+05:30 DEBUG 13708 --- [gadget69-catalog-backend] [io-8081-exec-16] org.hibernate.SQL                        : 
    select
        v1_0.product_id,
        v1_0.id,
        v1_0.color_name,
        v1_0.created_at,
        v1_0.display_order,
        v1_0.hex_code,
        v1_0.is_default,
        v1_0.price,
        v1_0.price_adjustment,
        v1_0.size,
        v1_0.sku,
        v1_0.stock 
    from
        product_variants v1_0 
    where
        v1_0.product_id=? 
    order by
        v1_0.display_order,
        v1_0.id
2026-04-25T00:08:19.970+05:30 DEBUG 13708 --- [gadget69-catalog-backend] [io-8081-exec-16] org.hibernate.SQL                        : 
    select
        m1_0.product_id,
        m1_0.id,
        m1_0.display_order,
        m1_0.is_primary,
        m1_0.media_role,
        m1_0.media_type,
        m1_0.media_url 
    from
        product_media m1_0 
    where
        m1_0.product_id=? 
    order by
        m1_0.display_order,
        m1_0.id
2026-04-25T00:08:19.974+05:30 DEBUG 13708 --- [gadget69-catalog-backend] [io-8081-exec-16] org.hibernate.SQL                        : 
    select
        v1_0.product_id,
        v1_0.id,
        v1_0.color_name,
        v1_0.created_at,
        v1_0.display_order,
        v1_0.hex_code,
        v1_0.is_default,
        v1_0.price,
        v1_0.price_adjustment,
        v1_0.size,
        v1_0.sku,
        v1_0.stock 
    from
        product_variants v1_0 
    where
        v1_0.product_id=? 
    order by
        v1_0.display_order,
        v1_0.id
2026-04-25T00:08:19.974+05:30 DEBUG 13708 --- [gadget69-catalog-backend] [io-8081-exec-16] org.hibernate.SQL                        : 
    select
        m1_0.product_id,
        m1_0.id,
        m1_0.display_order,
        m1_0.is_primary,
        m1_0.media_role,
        m1_0.media_type,
        m1_0.media_url 
    from
        product_media m1_0 
    where
        m1_0.product_id=? 
    order by
        m1_0.display_order,
        m1_0.id
2026-04-25T00:08:19.978+05:30 DEBUG 13708 --- [gadget69-catalog-backend] [io-8081-exec-16] org.hibernate.SQL                        : 
    select
        v1_0.product_id,
        v1_0.id,
        v1_0.color_name,
        v1_0.created_at,
        v1_0.display_order,
        v1_0.hex_code,
        v1_0.is_default,
        v1_0.price,
        v1_0.price_adjustment,
        v1_0.size,
        v1_0.sku,
        v1_0.stock 
    from
        product_variants v1_0 
    where
        v1_0.product_id=? 
    order by
        v1_0.display_order,
        v1_0.id
2026-04-25T00:08:19.980+05:30 DEBUG 13708 --- [gadget69-catalog-backend] [io-8081-exec-16] org.hibernate.SQL                        : 
    select
        m1_0.product_id,
        m1_0.id,
        m1_0.display_order,
        m1_0.is_primary,
        m1_0.media_role,
        m1_0.media_type,
        m1_0.media_url 
    from
        product_media m1_0 
    where
        m1_0.product_id=? 
    order by
        m1_0.display_order,
        m1_0.id
2026-04-25T00:08:19.984+05:30 DEBUG 13708 --- [gadget69-catalog-backend] [io-8081-exec-16] m.m.a.RequestResponseBodyMethodProcessor : Using 'application/json', given [*/*] and supported [application/json, application/*+json]
2026-04-25T00:08:19.986+05:30 DEBUG 13708 --- [gadget69-catalog-backend] [io-8081-exec-16] m.m.a.RequestResponseBodyMethodProcessor : Writing [[ProductResponse[id=1, name=Gadget Pro Max, description=Titanium flagship phone with pro-grade camer (truncated)...]
2026-04-25T00:08:19.988+05:30 DEBUG 13708 --- [gadget69-catalog-backend] [io-8081-exec-16] o.s.web.servlet.DispatcherServlet        : Completed 200 OK
2026-04-25T00:08:20.005+05:30 DEBUG 13708 --- [gadget69-catalog-backend] [io-8081-exec-17] o.s.web.servlet.DispatcherServlet        : GET "/api/community-media", parameters={}
2026-04-25T00:08:20.007+05:30 DEBUG 13708 --- [gadget69-catalog-backend] [io-8081-exec-17] s.w.s.m.m.a.RequestMappingHandlerMapping : Mapped to com.gadget69.catalog.controller.PublicCatalogController#communityMedia()
2026-04-25T00:08:20.010+05:30 DEBUG 13708 --- [gadget69-catalog-backend] [io-8081-exec-17] org.hibernate.SQL                        : 
    select
        cm1_0.id,
        cm1_0.action_link,
        cm1_0.caption,
        cm1_0.created_at,
        cm1_0.display_order,
        cm1_0.image_url,
        cm1_0.is_active,
        cm1_0.media_type,
        cm1_0.thumbnail_url,
        cm1_0.title,
        cm1_0.updated_at,
        cm1_0.video_duration,
        cm1_0.video_height,
        cm1_0.video_public_id,
        cm1_0.video_url,
        cm1_0.video_width 
    from
        community_media cm1_0 
    where
        cm1_0.is_active 
    order by
        cm1_0.display_order,
        cm1_0.id
2026-04-25T00:08:20.019+05:30 DEBUG 13708 --- [gadget69-catalog-backend] [io-8081-exec-17] m.m.a.RequestResponseBodyMethodProcessor : Using 'application/json', given [*/*] and supported [application/json, application/*+json]
2026-04-25T00:08:20.020+05:30 DEBUG 13708 --- [gadget69-catalog-backend] [io-8081-exec-17] m.m.a.RequestResponseBodyMethodProcessor : Writing [[CommunityMediaResponse[id=1, title=Premium Sound Experience, caption=Premium Sound Experience, medi (truncated)...]
2026-04-25T00:08:20.021+05:30 DEBUG 13708 --- [gadget69-catalog-backend] [io-8081-exec-17] o.s.web.servlet.DispatcherServlet        : Completed 200 OK
2026-04-25T00:08:20.034+05:30 DEBUG 13708 --- [gadget69-catalog-backend] [io-8081-exec-18] o.s.web.servlet.DispatcherServlet        : GET "/api/reviews", parameters={}
2026-04-25T00:08:20.037+05:30 DEBUG 13708 --- [gadget69-catalog-backend] [io-8081-exec-18] s.w.s.m.m.a.RequestMappingHandlerMapping : Mapped to com.gadget69.catalog.controller.PublicCatalogController#reviews()
2026-04-25T00:08:20.042+05:30 DEBUG 13708 --- [gadget69-catalog-backend] [io-8081-exec-18] org.hibernate.SQL                        : 
    select
        r1_0.id,
        r1_0.avatar,
        r1_0.comment,
        r1_0.created_at,
        r1_0.name,
        r1_0.rating,
        r1_0.review_date,
        r1_0.updated_at 
    from
        reviews r1_0 
    order by
        r1_0.review_date desc,
        r1_0.id desc
2026-04-25T00:08:20.050+05:30 DEBUG 13708 --- [gadget69-catalog-backend] [io-8081-exec-18] m.m.a.RequestResponseBodyMethodProcessor : Using 'application/json', given [*/*] and supported [application/json, application/*+json]
2026-04-25T00:08:20.050+05:30 DEBUG 13708 --- [gadget69-catalog-backend] [io-8081-exec-18] m.m.a.RequestResponseBodyMethodProcessor : Writing [[ReviewResponse[id=1, name=Aarav Nair, rating=5, comment=Quick delivery, clean packaging, and the pr (truncated)...]
2026-04-25T00:08:20.053+05:30 DEBUG 13708 --- [gadget69-catalog-backend] [io-8081-exec-18] o.s.web.servlet.DispatcherServlet        : Completed 200 OK
2026-04-25T00:26:19.906+05:30 DEBUG 13708 --- [gadget69-catalog-backend] [io-8081-exec-20] o.s.web.servlet.DispatcherServlet        : GET "/api/settings", parameters={}
2026-04-25T00:26:19.909+05:30 DEBUG 13708 --- [gadget69-catalog-backend] [io-8081-exec-20] s.w.s.m.m.a.RequestMappingHandlerMapping : Mapped to com.gadget69.catalog.controller.PublicCatalogController#settings()
2026-04-25T00:26:19.911+05:30 DEBUG 13708 --- [gadget69-catalog-backend] [nio-8081-exec-1] o.s.web.servlet.DispatcherServlet        : GET "/api/banners", parameters={}
2026-04-25T00:26:19.912+05:30 DEBUG 13708 --- [gadget69-catalog-backend] [nio-8081-exec-1] s.w.s.m.m.a.RequestMappingHandlerMapping : Mapped to com.gadget69.catalog.controller.PublicCatalogController#banners()
2026-04-25T00:26:19.914+05:30 DEBUG 13708 --- [gadget69-catalog-backend] [nio-8081-exec-1] org.hibernate.SQL                        : 
    select
        b1_0.id,
        b1_0.created_at,
        b1_0.cta_link,
        b1_0.cta_text,
        b1_0.desktop_image_url,
        b1_0.display_order,
        b1_0.is_active,
        b1_0.linked_product_id,
        b1_0.mobile_image_url,
        b1_0.title,
        b1_0.updated_at 
    from
        banners b1_0 
    where
        b1_0.is_active 
    order by
        b1_0.display_order,
        b1_0.id
2026-04-25T00:26:19.914+05:30 DEBUG 13708 --- [gadget69-catalog-backend] [io-8081-exec-20] org.hibernate.SQL                        : 
    select
        ss1_0.id,
        ss1_0.announcement_items,
        ss1_0.catalogue_url,
        ss1_0.contact_url,
        ss1_0.created_at,
        ss1_0.favicon_url,
        ss1_0.footer_text,
        ss1_0.instagram_url,
        ss1_0.logo_url,
        ss1_0.meta_description,
        ss1_0.shop_phone,
        ss1_0.site_title,
        ss1_0.support_email,
        ss1_0.updated_at,
        ss1_0.whatsapp_number 
    from
        store_settings ss1_0 
    order by
        ss1_0.id 
    fetch
        first ? rows only
2026-04-25T00:26:19.928+05:30 DEBUG 13708 --- [gadget69-catalog-backend] [io-8081-exec-20] m.m.a.RequestResponseBodyMethodProcessor : Using 'application/json', given [application/json, text/plain, */*] and supported [application/json, application/*+json]
2026-04-25T00:26:19.930+05:30 DEBUG 13708 --- [gadget69-catalog-backend] [nio-8081-exec-1] m.m.a.RequestResponseBodyMethodProcessor : Using 'application/json', given [application/json, text/plain, */*] and supported [application/json, application/*+json]
2026-04-25T00:26:19.930+05:30 DEBUG 13708 --- [gadget69-catalog-backend] [io-8081-exec-20] m.m.a.RequestResponseBodyMethodProcessor : Writing [SettingsResponse[id=1, siteTitle=Gadget69, metaDescription=Premium electronics crafted for those who (truncated)...]
2026-04-25T00:26:19.931+05:30 DEBUG 13708 --- [gadget69-catalog-backend] [nio-8081-exec-1] m.m.a.RequestResponseBodyMethodProcessor : Writing [[BannerResponse[id=1, title=New Gadget Pro Max, desktopImageUrl=https://images.unsplash.com/photo-15 (truncated)...]
2026-04-25T00:26:19.933+05:30 DEBUG 13708 --- [gadget69-catalog-backend] [nio-8081-exec-1] o.s.web.servlet.DispatcherServlet        : Completed 200 OK
2026-04-25T00:26:19.933+05:30 DEBUG 13708 --- [gadget69-catalog-backend] [io-8081-exec-20] o.s.web.servlet.DispatcherServlet        : Completed 200 OK
2026-04-25T00:28:51.512+05:30 DEBUG 13708 --- [gadget69-catalog-backend] [nio-8081-exec-2] o.s.web.servlet.DispatcherServlet        : GET "/api/storefront/bootstrap", parameters={}
2026-04-25T00:28:51.530+05:30 DEBUG 13708 --- [gadget69-catalog-backend] [nio-8081-exec-2] o.s.w.s.handler.SimpleUrlHandlerMapping  : Mapped to ResourceHttpRequestHandler [classpath [META-INF/resources/], classpath [resources/], classpath [static/], classpath [public/], ServletContext [/]]
2026-04-25T00:28:51.535+05:30 DEBUG 13708 --- [gadget69-catalog-backend] [nio-8081-exec-2] o.s.w.s.r.ResourceHttpRequestHandler     : Resource not found
2026-04-25T00:28:51.548+05:30 DEBUG 13708 --- [gadget69-catalog-backend] [nio-8081-exec-2] .m.m.a.ExceptionHandlerExceptionResolver : Using @ExceptionHandler com.gadget69.catalog.controller.ApiExceptionHandler#handleNoResourceFound(NoResourceFoundException, HttpServletRequest, HttpServletResponse)
2026-04-25T00:28:51.568+05:30 DEBUG 13708 --- [gadget69-catalog-backend] [nio-8081-exec-2] o.s.w.s.m.m.a.HttpEntityMethodProcessor  : Using 'application/json', given [application/json, text/plain, */*] and supported [application/json, application/*+json]
2026-04-25T00:28:51.575+05:30 DEBUG 13708 --- [gadget69-catalog-backend] [nio-8081-exec-2] o.s.w.s.m.m.a.HttpEntityMethodProcessor  : Writing [ApiErrorResponse[code=NOT_FOUND, message=Resource not found, requestId=7da3ecb4-074d-4ca9-8c8d-6edf5 (truncated)...]
2026-04-25T00:28:51.580+05:30 DEBUG 13708 --- [gadget69-catalog-backend] [nio-8081-exec-2] .m.m.a.ExceptionHandlerExceptionResolver : Resolved [org.springframework.web.servlet.resource.NoResourceFoundException: No static resource api/storefront/bootstrap.]
2026-04-25T00:28:51.581+05:30 DEBUG 13708 --- [gadget69-catalog-backend] [nio-8081-exec-2] o.s.web.servlet.DispatcherServlet        : Completed 404 NOT_FOUND
2026-04-25T00:29:15.510+05:30 DEBUG 13708 --- [gadget69-catalog-backend] [nio-8081-exec-3] o.s.web.servlet.DispatcherServlet        : GET "/api/storefront/bootstrap", parameters={}
2026-04-25T00:29:15.512+05:30 DEBUG 13708 --- [gadget69-catalog-backend] [nio-8081-exec-3] o.s.w.s.handler.SimpleUrlHandlerMapping  : Mapped to ResourceHttpRequestHandler [classpath [META-INF/resources/], classpath [resources/], classpath [static/], classpath [public/], ServletContext [/]]
2026-04-25T00:29:15.523+05:30 DEBUG 13708 --- [gadget69-catalog-backend] [nio-8081-exec-3] o.s.w.s.r.ResourceHttpRequestHandler     : Resource not found
2026-04-25T00:29:15.524+05:30 DEBUG 13708 --- [gadget69-catalog-backend] [nio-8081-exec-3] .m.m.a.ExceptionHandlerExceptionResolver : Using @ExceptionHandler com.gadget69.catalog.controller.ApiExceptionHandler#handleNoResourceFound(NoResourceFoundException, HttpServletRequest, HttpServletResponse)
2026-04-25T00:29:15.527+05:30 DEBUG 13708 --- [gadget69-catalog-backend] [nio-8081-exec-3] o.s.w.s.m.m.a.HttpEntityMethodProcessor  : Using 'application/json', given [application/json, text/plain, */*] and supported [application/json, application/*+json]
2026-04-25T00:29:15.528+05:30 DEBUG 13708 --- [gadget69-catalog-backend] [nio-8081-exec-3] o.s.w.s.m.m.a.HttpEntityMethodProcessor  : Writing [ApiErrorResponse[code=NOT_FOUND, message=Resource not found, requestId=79eb3c93-6563-4f20-9760-d26ef (truncated)...]
2026-04-25T00:29:15.530+05:30 DEBUG 13708 --- [gadget69-catalog-backend] [nio-8081-exec-3] .m.m.a.ExceptionHandlerExceptionResolver : Resolved [org.springframework.web.servlet.resource.NoResourceFoundException: No static resource api/storefront/bootstrap.]
2026-04-25T00:29:15.531+05:30 DEBUG 13708 --- [gadget69-catalog-backend] [nio-8081-exec-3] o.s.web.servlet.DispatcherServlet        : Completed 404 NOT_FOUND
2026-04-25T00:29:50.343+05:30 DEBUG 13708 --- [gadget69-catalog-backend] [nio-8081-exec-6] o.s.web.servlet.DispatcherServlet        : GET "/api/storefront/bootstrap", parameters={}
2026-04-25T00:29:50.346+05:30 DEBUG 13708 --- [gadget69-catalog-backend] [nio-8081-exec-6] o.s.w.s.handler.SimpleUrlHandlerMapping  : Mapped to ResourceHttpRequestHandler [classpath [META-INF/resources/], classpath [resources/], classpath [static/], classpath [public/], ServletContext [/]]
2026-04-25T00:29:50.351+05:30 DEBUG 13708 --- [gadget69-catalog-backend] [nio-8081-exec-6] o.s.w.s.r.ResourceHttpRequestHandler     : Resource not found
2026-04-25T00:29:50.352+05:30 DEBUG 13708 --- [gadget69-catalog-backend] [nio-8081-exec-6] .m.m.a.ExceptionHandlerExceptionResolver : Using @ExceptionHandler com.gadget69.catalog.controller.ApiExceptionHandler#handleNoResourceFound(NoResourceFoundException, HttpServletRequest, HttpServletResponse)
2026-04-25T00:29:50.354+05:30 DEBUG 13708 --- [gadget69-catalog-backend] [nio-8081-exec-6] o.s.w.s.m.m.a.HttpEntityMethodProcessor  : Using 'application/json', given [application/json, text/plain, */*] and supported [application/json, application/*+json]
2026-04-25T00:29:50.355+05:30 DEBUG 13708 --- [gadget69-catalog-backend] [nio-8081-exec-6] o.s.w.s.m.m.a.HttpEntityMethodProcessor  : Writing [ApiErrorResponse[code=NOT_FOUND, message=Resource not found, requestId=7ce5e43e-157c-4852-ac00-b32bb (truncated)...]
2026-04-25T00:29:50.357+05:30 DEBUG 13708 --- [gadget69-catalog-backend] [nio-8081-exec-6] .m.m.a.ExceptionHandlerExceptionResolver : Resolved [org.springframework.web.servlet.resource.NoResourceFoundException: No static resource api/storefront/bootstrap.]
2026-04-25T00:29:50.357+05:30 DEBUG 13708 --- [gadget69-catalog-backend] [nio-8081-exec-6] o.s.web.servlet.DispatcherServlet        : Completed 404 NOT_FOUND
2026-04-25T00:30:44.356+05:30 DEBUG 13708 --- [gadget69-catalog-backend] [nio-8081-exec-4] o.s.web.servlet.DispatcherServlet        : GET "/api/storefront/bootstrap", parameters={}
2026-04-25T00:30:44.358+05:30 DEBUG 13708 --- [gadget69-catalog-backend] [nio-8081-exec-4] o.s.w.s.handler.SimpleUrlHandlerMapping  : Mapped to ResourceHttpRequestHandler [classpath [META-INF/resources/], classpath [resources/], classpath [static/], classpath [public/], ServletContext [/]]
2026-04-25T00:30:44.361+05:30 DEBUG 13708 --- [gadget69-catalog-backend] [nio-8081-exec-4] o.s.w.s.r.ResourceHttpRequestHandler     : Resource not found
2026-04-25T00:30:44.362+05:30 DEBUG 13708 --- [gadget69-catalog-backend] [nio-8081-exec-4] .m.m.a.ExceptionHandlerExceptionResolver : Using @ExceptionHandler com.gadget69.catalog.controller.ApiExceptionHandler#handleNoResourceFound(NoResourceFoundException, HttpServletRequest, HttpServletResponse)
2026-04-25T00:30:44.363+05:30 DEBUG 13708 --- [gadget69-catalog-backend] [nio-8081-exec-4] o.s.w.s.m.m.a.HttpEntityMethodProcessor  : Using 'application/json', given [application/json, text/plain, */*] and supported [application/json, application/*+json]
2026-04-25T00:30:44.363+05:30 DEBUG 13708 --- [gadget69-catalog-backend] [nio-8081-exec-4] o.s.w.s.m.m.a.HttpEntityMethodProcessor  : Writing [ApiErrorResponse[code=NOT_FOUND, message=Resource not found, requestId=6f1563b4-aa42-4988-bfae-89859 (truncated)...]
2026-04-25T00:30:44.366+05:30 DEBUG 13708 --- [gadget69-catalog-backend] [nio-8081-exec-4] .m.m.a.ExceptionHandlerExceptionResolver : Resolved [org.springframework.web.servlet.resource.NoResourceFoundException: No static resource api/storefront/bootstrap.]
2026-04-25T00:30:44.366+05:30 DEBUG 13708 --- [gadget69-catalog-backend] [nio-8081-exec-4] o.s.web.servlet.DispatcherServlet        : Completed 404 NOT_FOUND
2026-04-25T00:34:35.036+05:30 DEBUG 13708 --- [gadget69-catalog-backend] [nio-8081-exec-7] o.s.web.servlet.DispatcherServlet        : GET "/api/health", parameters={}
2026-04-25T00:34:35.038+05:30 DEBUG 13708 --- [gadget69-catalog-backend] [nio-8081-exec-7] s.w.s.m.m.a.RequestMappingHandlerMapping : Mapped to com.gadget69.catalog.controller.PublicCatalogController#health()
2026-04-25T00:34:35.041+05:30 DEBUG 13708 --- [gadget69-catalog-backend] [nio-8081-exec-7] m.m.a.RequestResponseBodyMethodProcessor : Using 'application/json', given [*/*] and supported [application/json, application/*+json]
2026-04-25T00:34:35.043+05:30 DEBUG 13708 --- [gadget69-catalog-backend] [nio-8081-exec-7] m.m.a.RequestResponseBodyMethodProcessor : Writing [{status=UP, service=gadget69-catalog-backend}]
2026-04-25T00:34:35.047+05:30 DEBUG 13708 --- [gadget69-catalog-backend] [nio-8081-exec-7] o.s.web.servlet.DispatcherServlet        : Completed 200 OK
2026-04-25T00:34:40.605+05:30 DEBUG 13708 --- [gadget69-catalog-backend] [nio-8081-exec-5] o.s.web.servlet.DispatcherServlet        : GET "/api/products", parameters={}
2026-04-25T00:34:40.606+05:30 DEBUG 13708 --- [gadget69-catalog-backend] [nio-8081-exec-5] s.w.s.m.m.a.RequestMappingHandlerMapping : Mapped to com.gadget69.catalog.controller.PublicCatalogController#products()
2026-04-25T00:34:40.616+05:30 DEBUG 13708 --- [gadget69-catalog-backend] [nio-8081-exec-5] org.hibernate.SQL                        : 
    select
        p1_0.id,
        p1_0.created_at,
        p1_0.default_thumbnail_url,
        p1_0.description,
        p1_0.display_order,
        p1_0.gallery_images,
        p1_0.image_url,
        p1_0.is_best_seller,
        p1_0.is_featured,
        p1_0.is_hero_featured,
        p1_0.is_new_launch,
        p1_0.model_number,
        p1_0.mrp,
        p1_0.name,
        p1_0.offer_flag,
        p1_0.offer_end_date,
        p1_0.offer_price,
        p1_0.offer_start_date,
        p1_0.price,
        p1_0.section_id,
        s1_0.id,
        s1_0.accent_tone,
        s1_0.created_at,
        s1_0.description,
        s1_0.image_url,
        s1_0.is_active,
        s1_0.name,
        s1_0.show_in_explore,
        s1_0.show_in_top_category,
        s1_0.sort_order,
        s1_0.updated_at,
        p1_0.short_description,
        p1_0.slug,
        p1_0.specifications,
        p1_0.status,
        p1_0.stock_quantity,
        p1_0.updated_at,
        p1_0.video_url 
    from
        products p1_0 
    join
        sections s1_0 
            on s1_0.id=p1_0.section_id 
    order by
        p1_0.display_order,
        p1_0.created_at desc
2026-04-25T00:34:40.623+05:30 DEBUG 13708 --- [gadget69-catalog-backend] [nio-8081-exec-5] org.hibernate.SQL                        : 
    select
        v1_0.product_id,
        v1_0.id,
        v1_0.color_name,
        v1_0.created_at,
        v1_0.display_order,
        v1_0.hex_code,
        v1_0.is_default,
        v1_0.price,
        v1_0.price_adjustment,
        v1_0.size,
        v1_0.sku,
        v1_0.stock 
    from
        product_variants v1_0 
    where
        v1_0.product_id=? 
    order by
        v1_0.display_order,
        v1_0.id
2026-04-25T00:34:40.629+05:30 DEBUG 13708 --- [gadget69-catalog-backend] [nio-8081-exec-5] org.hibernate.SQL                        : 
    select
        m1_0.product_id,
        m1_0.id,
        m1_0.display_order,
        m1_0.is_primary,
        m1_0.media_role,
        m1_0.media_type,
        m1_0.media_url 
    from
        product_media m1_0 
    where
        m1_0.product_id=? 
    order by
        m1_0.display_order,
        m1_0.id
2026-04-25T00:34:40.631+05:30 DEBUG 13708 --- [gadget69-catalog-backend] [nio-8081-exec-5] org.hibernate.SQL                        : 
    select
        v1_0.product_id,
        v1_0.id,
        v1_0.color_name,
        v1_0.created_at,
        v1_0.display_order,
        v1_0.hex_code,
        v1_0.is_default,
        v1_0.price,
        v1_0.price_adjustment,
        v1_0.size,
        v1_0.sku,
        v1_0.stock 
    from
        product_variants v1_0 
    where
        v1_0.product_id=? 
    order by
        v1_0.display_order,
        v1_0.id
2026-04-25T00:34:40.632+05:30 DEBUG 13708 --- [gadget69-catalog-backend] [nio-8081-exec-5] org.hibernate.SQL                        : 
    select
        m1_0.product_id,
        m1_0.id,
        m1_0.display_order,
        m1_0.is_primary,
        m1_0.media_role,
        m1_0.media_type,
        m1_0.media_url 
    from
        product_media m1_0 
    where
        m1_0.product_id=? 
    order by
        m1_0.display_order,
        m1_0.id
2026-04-25T00:34:40.634+05:30 DEBUG 13708 --- [gadget69-catalog-backend] [nio-8081-exec-5] org.hibernate.SQL                        : 
    select
        v1_0.product_id,
        v1_0.id,
        v1_0.color_name,
        v1_0.created_at,
        v1_0.display_order,
        v1_0.hex_code,
        v1_0.is_default,
        v1_0.price,
        v1_0.price_adjustment,
        v1_0.size,
        v1_0.sku,
        v1_0.stock 
    from
        product_variants v1_0 
    where
        v1_0.product_id=? 
    order by
        v1_0.display_order,
        v1_0.id
2026-04-25T00:34:40.635+05:30 DEBUG 13708 --- [gadget69-catalog-backend] [nio-8081-exec-5] org.hibernate.SQL                        : 
    select
        m1_0.product_id,
        m1_0.id,
        m1_0.display_order,
        m1_0.is_primary,
        m1_0.media_role,
        m1_0.media_type,
        m1_0.media_url 
    from
        product_media m1_0 
    where
        m1_0.product_id=? 
    order by
        m1_0.display_order,
        m1_0.id
2026-04-25T00:34:40.638+05:30 DEBUG 13708 --- [gadget69-catalog-backend] [nio-8081-exec-5] m.m.a.RequestResponseBodyMethodProcessor : Using 'application/json', given [*/*] and supported [application/json, application/*+json]
2026-04-25T00:34:40.639+05:30 DEBUG 13708 --- [gadget69-catalog-backend] [nio-8081-exec-5] m.m.a.RequestResponseBodyMethodProcessor : Writing [[ProductResponse[id=1, name=Gadget Pro Max, description=Titanium flagship phone with pro-grade camer (truncated)...]
2026-04-25T00:34:40.644+05:30 DEBUG 13708 --- [gadget69-catalog-backend] [nio-8081-exec-5] o.s.web.servlet.DispatcherServlet        : Completed 200 OK
2026-04-25T00:34:40.830+05:30 DEBUG 13708 --- [gadget69-catalog-backend] [nio-8081-exec-8] o.s.web.servlet.DispatcherServlet        : GET "/api/storefront/bootstrap", parameters={}
2026-04-25T00:34:40.831+05:30 DEBUG 13708 --- [gadget69-catalog-backend] [nio-8081-exec-8] o.s.w.s.handler.SimpleUrlHandlerMapping  : Mapped to ResourceHttpRequestHandler [classpath [META-INF/resources/], classpath [resources/], classpath [static/], classpath [public/], ServletContext [/]]
2026-04-25T00:34:40.834+05:30 DEBUG 13708 --- [gadget69-catalog-backend] [nio-8081-exec-8] o.s.w.s.r.ResourceHttpRequestHandler     : Resource not found
2026-04-25T00:34:40.834+05:30 DEBUG 13708 --- [gadget69-catalog-backend] [nio-8081-exec-8] .m.m.a.ExceptionHandlerExceptionResolver : Using @ExceptionHandler com.gadget69.catalog.controller.ApiExceptionHandler#handleNoResourceFound(NoResourceFoundException, HttpServletRequest, HttpServletResponse)
2026-04-25T00:34:40.835+05:30 DEBUG 13708 --- [gadget69-catalog-backend] [nio-8081-exec-8] o.s.w.s.m.m.a.HttpEntityMethodProcessor  : Using 'application/json', given [application/json, text/plain, */*] and supported [application/json, application/*+json]
2026-04-25T00:34:40.836+05:30 DEBUG 13708 --- [gadget69-catalog-backend] [nio-8081-exec-8] o.s.w.s.m.m.a.HttpEntityMethodProcessor  : Writing [ApiErrorResponse[code=NOT_FOUND, message=Resource not found, requestId=6384a3e6-3c8f-4d4d-9771-a069c (truncated)...]
2026-04-25T00:34:40.836+05:30 DEBUG 13708 --- [gadget69-catalog-backend] [nio-8081-exec-8] .m.m.a.ExceptionHandlerExceptionResolver : Resolved [org.springframework.web.servlet.resource.NoResourceFoundException: No static resource api/storefront/bootstrap.]
2026-04-25T00:34:40.838+05:30 DEBUG 13708 --- [gadget69-catalog-backend] [nio-8081-exec-8] o.s.web.servlet.DispatcherServlet        : Completed 404 NOT_FOUND
2026-04-25T00:34:40.930+05:30 DEBUG 13708 --- [gadget69-catalog-backend] [nio-8081-exec-9] o.s.web.servlet.DispatcherServlet        : GET "/api/community-media", parameters={}
2026-04-25T00:34:40.932+05:30 DEBUG 13708 --- [gadget69-catalog-backend] [nio-8081-exec-9] s.w.s.m.m.a.RequestMappingHandlerMapping : Mapped to com.gadget69.catalog.controller.PublicCatalogController#communityMedia()
2026-04-25T00:34:40.934+05:30 DEBUG 13708 --- [gadget69-catalog-backend] [io-8081-exec-10] o.s.web.servlet.DispatcherServlet        : GET "/api/reviews", parameters={}
2026-04-25T00:34:40.934+05:30 DEBUG 13708 --- [gadget69-catalog-backend] [io-8081-exec-10] s.w.s.m.m.a.RequestMappingHandlerMapping : Mapped to com.gadget69.catalog.controller.PublicCatalogController#reviews()
2026-04-25T00:34:40.937+05:30 DEBUG 13708 --- [gadget69-catalog-backend] [io-8081-exec-10] org.hibernate.SQL                        : 
    select
        r1_0.id,
        r1_0.avatar,
        r1_0.comment,
        r1_0.created_at,
        r1_0.name,
        r1_0.rating,
        r1_0.review_date,
        r1_0.updated_at 
    from
        reviews r1_0 
    order by
        r1_0.review_date desc,
        r1_0.id desc
2026-04-25T00:34:40.947+05:30 DEBUG 13708 --- [gadget69-catalog-backend] [nio-8081-exec-9] org.hibernate.SQL                        : 
    select
        cm1_0.id,
        cm1_0.action_link,
        cm1_0.caption,
        cm1_0.created_at,
        cm1_0.display_order,
        cm1_0.image_url,
        cm1_0.is_active,
        cm1_0.media_type,
        cm1_0.thumbnail_url,
        cm1_0.title,
        cm1_0.updated_at,
        cm1_0.video_duration,
        cm1_0.video_height,
        cm1_0.video_public_id,
        cm1_0.video_url,
        cm1_0.video_width 
    from
        community_media cm1_0 
    where
        cm1_0.is_active 
    order by
        cm1_0.display_order,
        cm1_0.id
2026-04-25T00:34:40.951+05:30 DEBUG 13708 --- [gadget69-catalog-backend] [io-8081-exec-10] m.m.a.RequestResponseBodyMethodProcessor : Using 'application/json', given [application/json, text/plain, */*] and supported [application/json, application/*+json]
2026-04-25T00:34:40.952+05:30 DEBUG 13708 --- [gadget69-catalog-backend] [nio-8081-exec-9] m.m.a.RequestResponseBodyMethodProcessor : Using 'application/json', given [application/json, text/plain, */*] and supported [application/json, application/*+json]
2026-04-25T00:34:40.952+05:30 DEBUG 13708 --- [gadget69-catalog-backend] [io-8081-exec-10] m.m.a.RequestResponseBodyMethodProcessor : Writing [[ReviewResponse[id=1, name=Aarav Nair, rating=5, comment=Quick delivery, clean packaging, and the pr (truncated)...]
2026-04-25T00:34:40.956+05:30 DEBUG 13708 --- [gadget69-catalog-backend] [nio-8081-exec-9] m.m.a.RequestResponseBodyMethodProcessor : Writing [[CommunityMediaResponse[id=1, title=Premium Sound Experience, caption=Premium Sound Experience, medi (truncated)...]
2026-04-25T00:34:40.956+05:30 DEBUG 13708 --- [gadget69-catalog-backend] [io-8081-exec-10] o.s.web.servlet.DispatcherServlet        : Completed 200 OK
2026-04-25T00:34:40.962+05:30 DEBUG 13708 --- [gadget69-catalog-backend] [nio-8081-exec-9] o.s.web.servlet.DispatcherServlet        : Completed 200 OK
2026-04-25T00:34:41.027+05:30 DEBUG 13708 --- [gadget69-catalog-backend] [io-8081-exec-11] o.s.web.servlet.DispatcherServlet        : GET "/api/settings", parameters={}
2026-04-25T00:34:41.029+05:30 DEBUG 13708 --- [gadget69-catalog-backend] [io-8081-exec-11] s.w.s.m.m.a.RequestMappingHandlerMapping : Mapped to com.gadget69.catalog.controller.PublicCatalogController#settings()
2026-04-25T00:34:41.034+05:30 DEBUG 13708 --- [gadget69-catalog-backend] [io-8081-exec-11] org.hibernate.SQL                        : 
    select
        ss1_0.id,
        ss1_0.announcement_items,
        ss1_0.catalogue_url,
        ss1_0.contact_url,
        ss1_0.created_at,
        ss1_0.favicon_url,
        ss1_0.footer_text,
        ss1_0.instagram_url,
        ss1_0.logo_url,
        ss1_0.meta_description,
        ss1_0.shop_phone,
        ss1_0.site_title,
        ss1_0.support_email,
        ss1_0.updated_at,
        ss1_0.whatsapp_number 
    from
        store_settings ss1_0 
    order by
        ss1_0.id 
    fetch
        first ? rows only
2026-04-25T00:34:41.038+05:30 DEBUG 13708 --- [gadget69-catalog-backend] [io-8081-exec-11] m.m.a.RequestResponseBodyMethodProcessor : Using 'application/json', given [application/json, text/plain, */*] and supported [application/json, application/*+json]
2026-04-25T00:34:41.039+05:30 DEBUG 13708 --- [gadget69-catalog-backend] [io-8081-exec-11] m.m.a.RequestResponseBodyMethodProcessor : Writing [SettingsResponse[id=1, siteTitle=Gadget69, metaDescription=Premium electronics crafted for those who (truncated)...]
2026-04-25T00:34:41.044+05:30 DEBUG 13708 --- [gadget69-catalog-backend] [io-8081-exec-11] o.s.web.servlet.DispatcherServlet        : Completed 200 OK
2026-04-25T00:34:45.811+05:30 DEBUG 13708 --- [gadget69-catalog-backend] [io-8081-exec-12] o.s.web.servlet.DispatcherServlet        : GET "/api/products", parameters={}
2026-04-25T00:34:45.820+05:30 DEBUG 13708 --- [gadget69-catalog-backend] [io-8081-exec-12] s.w.s.m.m.a.RequestMappingHandlerMapping : Mapped to com.gadget69.catalog.controller.PublicCatalogController#products()
2026-04-25T00:34:45.821+05:30 DEBUG 13708 --- [gadget69-catalog-backend] [io-8081-exec-13] o.s.web.servlet.DispatcherServlet        : GET "/api/sections", parameters={}
2026-04-25T00:34:45.823+05:30 DEBUG 13708 --- [gadget69-catalog-backend] [io-8081-exec-13] s.w.s.m.m.a.RequestMappingHandlerMapping : Mapped to com.gadget69.catalog.controller.PublicCatalogController#sections()
2026-04-25T00:34:45.828+05:30 DEBUG 13708 --- [gadget69-catalog-backend] [io-8081-exec-13] org.hibernate.SQL                        : 
    select
        s1_0.id,
        s1_0.accent_tone,
        s1_0.created_at,
        s1_0.description,
        s1_0.image_url,
        s1_0.is_active,
        s1_0.name,
        s1_0.show_in_explore,
        s1_0.show_in_top_category,
        s1_0.sort_order,
        s1_0.updated_at 
    from
        sections s1_0 
    order by
        s1_0.sort_order,
        s1_0.name
2026-04-25T00:34:45.860+05:30 DEBUG 13708 --- [gadget69-catalog-backend] [io-8081-exec-13] m.m.a.RequestResponseBodyMethodProcessor : Using 'application/json', given [application/json, text/plain, */*] and supported [application/json, application/*+json]
2026-04-25T00:34:45.860+05:30 DEBUG 13708 --- [gadget69-catalog-backend] [io-8081-exec-12] org.hibernate.SQL                        : 
    select
        p1_0.id,
        p1_0.created_at,
        p1_0.default_thumbnail_url,
        p1_0.description,
        p1_0.display_order,
        p1_0.gallery_images,
        p1_0.image_url,
        p1_0.is_best_seller,
        p1_0.is_featured,
        p1_0.is_hero_featured,
        p1_0.is_new_launch,
        p1_0.model_number,
        p1_0.mrp,
        p1_0.name,
        p1_0.offer_flag,
        p1_0.offer_end_date,
        p1_0.offer_price,
        p1_0.offer_start_date,
        p1_0.price,
        p1_0.section_id,
        s1_0.id,
        s1_0.accent_tone,
        s1_0.created_at,
        s1_0.description,
        s1_0.image_url,
        s1_0.is_active,
        s1_0.name,
        s1_0.show_in_explore,
        s1_0.show_in_top_category,
        s1_0.sort_order,
        s1_0.updated_at,
        p1_0.short_description,
        p1_0.slug,
        p1_0.specifications,
        p1_0.status,
        p1_0.stock_quantity,
        p1_0.updated_at,
        p1_0.video_url 
    from
        products p1_0 
    join
        sections s1_0 
            on s1_0.id=p1_0.section_id 
    order by
        p1_0.display_order,
        p1_0.created_at desc
2026-04-25T00:34:45.862+05:30 DEBUG 13708 --- [gadget69-catalog-backend] [io-8081-exec-13] m.m.a.RequestResponseBodyMethodProcessor : Writing [[SectionResponse[id=1, name=Smartphones, description=Premium flagship smartphones, imageUrl=https:// (truncated)...]
2026-04-25T00:34:45.864+05:30 DEBUG 13708 --- [gadget69-catalog-backend] [io-8081-exec-13] o.s.web.servlet.DispatcherServlet        : Completed 200 OK
2026-04-25T00:34:45.879+05:30 DEBUG 13708 --- [gadget69-catalog-backend] [io-8081-exec-12] org.hibernate.SQL                        : 
    select
        v1_0.product_id,
        v1_0.id,
        v1_0.color_name,
        v1_0.created_at,
        v1_0.display_order,
        v1_0.hex_code,
        v1_0.is_default,
        v1_0.price,
        v1_0.price_adjustment,
        v1_0.size,
        v1_0.sku,
        v1_0.stock 
    from
        product_variants v1_0 
    where
        v1_0.product_id=? 
    order by
        v1_0.display_order,
        v1_0.id
2026-04-25T00:34:45.883+05:30 DEBUG 13708 --- [gadget69-catalog-backend] [io-8081-exec-12] org.hibernate.SQL                        : 
    select
        m1_0.product_id,
        m1_0.id,
        m1_0.display_order,
        m1_0.is_primary,
        m1_0.media_role,
        m1_0.media_type,
        m1_0.media_url 
    from
        product_media m1_0 
    where
        m1_0.product_id=? 
    order by
        m1_0.display_order,
        m1_0.id
2026-04-25T00:34:45.886+05:30 DEBUG 13708 --- [gadget69-catalog-backend] [io-8081-exec-12] org.hibernate.SQL                        : 
    select
        v1_0.product_id,
        v1_0.id,
        v1_0.color_name,
        v1_0.created_at,
        v1_0.display_order,
        v1_0.hex_code,
        v1_0.is_default,
        v1_0.price,
        v1_0.price_adjustment,
        v1_0.size,
        v1_0.sku,
        v1_0.stock 
    from
        product_variants v1_0 
    where
        v1_0.product_id=? 
    order by
        v1_0.display_order,
        v1_0.id
2026-04-25T00:34:45.894+05:30 DEBUG 13708 --- [gadget69-catalog-backend] [io-8081-exec-12] org.hibernate.SQL                        : 
    select
        m1_0.product_id,
        m1_0.id,
        m1_0.display_order,
        m1_0.is_primary,
        m1_0.media_role,
        m1_0.media_type,
        m1_0.media_url 
    from
        product_media m1_0 
    where
        m1_0.product_id=? 
    order by
        m1_0.display_order,
        m1_0.id
2026-04-25T00:34:45.896+05:30 DEBUG 13708 --- [gadget69-catalog-backend] [io-8081-exec-12] org.hibernate.SQL                        : 
    select
        v1_0.product_id,
        v1_0.id,
        v1_0.color_name,
        v1_0.created_at,
        v1_0.display_order,
        v1_0.hex_code,
        v1_0.is_default,
        v1_0.price,
        v1_0.price_adjustment,
        v1_0.size,
        v1_0.sku,
        v1_0.stock 
    from
        product_variants v1_0 
    where
        v1_0.product_id=? 
    order by
        v1_0.display_order,
        v1_0.id
2026-04-25T00:34:45.897+05:30 DEBUG 13708 --- [gadget69-catalog-backend] [io-8081-exec-12] org.hibernate.SQL                        : 
    select
        m1_0.product_id,
        m1_0.id,
        m1_0.display_order,
        m1_0.is_primary,
        m1_0.media_role,
        m1_0.media_type,
        m1_0.media_url 
    from
        product_media m1_0 
    where
        m1_0.product_id=? 
    order by
        m1_0.display_order,
        m1_0.id
2026-04-25T00:34:45.899+05:30 DEBUG 13708 --- [gadget69-catalog-backend] [io-8081-exec-12] m.m.a.RequestResponseBodyMethodProcessor : Using 'application/json', given [application/json, text/plain, */*] and supported [application/json, application/*+json]
2026-04-25T00:34:45.901+05:30 DEBUG 13708 --- [gadget69-catalog-backend] [io-8081-exec-12] m.m.a.RequestResponseBodyMethodProcessor : Writing [[ProductResponse[id=1, name=Gadget Pro Max, description=Titanium flagship phone with pro-grade camer (truncated)...]
2026-04-25T00:34:45.904+05:30 DEBUG 13708 --- [gadget69-catalog-backend] [io-8081-exec-12] o.s.web.servlet.DispatcherServlet        : Completed 200 OK
2026-04-25T00:34:48.162+05:30 DEBUG 13708 --- [gadget69-catalog-backend] [io-8081-exec-14] o.s.web.servlet.DispatcherServlet        : GET "/uploads/videos/e0a87a15-7c9d-43af-951c-ba09efe6eadf.mp4", parameters={}
2026-04-25T00:34:48.165+05:30 DEBUG 13708 --- [gadget69-catalog-backend] [io-8081-exec-14] o.s.w.s.handler.SimpleUrlHandlerMapping  : Mapped to ResourceHttpRequestHandler [URL [file:/C:/Users/Admin/Downloads/zenith-catalog-glow-main%20(1)/zenith-catalog-glow-main/uploads/]]
2026-04-25T00:34:48.299+05:30 DEBUG 13708 --- [gadget69-catalog-backend] [io-8081-exec-15] o.s.web.servlet.DispatcherServlet        : GET "/uploads/videos/e0a87a15-7c9d-43af-951c-ba09efe6eadf.mp4", parameters={}
2026-04-25T00:34:48.300+05:30 DEBUG 13708 --- [gadget69-catalog-backend] [io-8081-exec-15] o.s.w.s.handler.SimpleUrlHandlerMapping  : Mapped to ResourceHttpRequestHandler [URL [file:/C:/Users/Admin/Downloads/zenith-catalog-glow-main%20(1)/zenith-catalog-glow-main/uploads/]]
2026-04-25T00:34:48.310+05:30 DEBUG 13708 --- [gadget69-catalog-backend] [io-8081-exec-15] o.s.web.servlet.DispatcherServlet        : Completed 206 PARTIAL_CONTENT
2026-04-25T00:34:48.318+05:30 DEBUG 13708 --- [gadget69-catalog-backend] [io-8081-exec-15] o.s.web.servlet.DispatcherServlet        : GET "/uploads/videos/e0a87a15-7c9d-43af-951c-ba09efe6eadf.mp4", parameters={}
2026-04-25T00:34:48.319+05:30 DEBUG 13708 --- [gadget69-catalog-backend] [io-8081-exec-15] o.s.w.s.handler.SimpleUrlHandlerMapping  : Mapped to ResourceHttpRequestHandler [URL [file:/C:/Users/Admin/Downloads/zenith-catalog-glow-main%20(1)/zenith-catalog-glow-main/uploads/]]
2026-04-25T00:34:48.333+05:30 DEBUG 13708 --- [gadget69-catalog-backend] [io-8081-exec-15] o.s.web.servlet.DispatcherServlet        : Completed 206 PARTIAL_CONTENT
2026-04-25T00:34:48.385+05:30 DEBUG 13708 --- [gadget69-catalog-backend] [io-8081-exec-14] o.s.web.servlet.DispatcherServlet        : Completed 206 PARTIAL_CONTENT
2026-04-25T00:34:50.755+05:30 DEBUG 13708 --- [gadget69-catalog-backend] [io-8081-exec-16] o.s.web.servlet.DispatcherServlet        : POST "/api/admin/login", parameters={}
2026-04-25T00:34:50.757+05:30 DEBUG 13708 --- [gadget69-catalog-backend] [io-8081-exec-16] s.w.s.m.m.a.RequestMappingHandlerMapping : Mapped to com.gadget69.catalog.controller.AdminCatalogController#login(AdminLoginRequest)
2026-04-25T00:34:51.033+05:30 DEBUG 13708 --- [gadget69-catalog-backend] [io-8081-exec-16] m.m.a.RequestResponseBodyMethodProcessor : Read "application/json;charset=UTF-8" to [AdminLoginRequest[email=admin@gadget69.com, password=Admin@123]]
2026-04-25T00:34:51.071+05:30 DEBUG 13708 --- [gadget69-catalog-backend] [io-8081-exec-16] org.hibernate.SQL                        : 
    select
        au1_0.id,
        au1_0.created_at,
        au1_0.email,
        au1_0.name,
        au1_0.password_hash,
        au1_0.token_version 
    from
        admin_users au1_0 
    where
        upper(au1_0.email)=upper(?)
2026-04-25T00:34:51.350+05:30 DEBUG 13708 --- [gadget69-catalog-backend] [io-8081-exec-16] m.m.a.RequestResponseBodyMethodProcessor : Using 'application/json', given [application/json, text/plain, */*] and supported [application/json, application/*+json]
2026-04-25T00:34:51.352+05:30 DEBUG 13708 --- [gadget69-catalog-backend] [io-8081-exec-16] m.m.a.RequestResponseBodyMethodProcessor : Writing [AdminLoginResponse[token=MTphZG1pbkBnYWRnZXQ2OS5jb206MTc3NzE0Mzg5MTMyMTowOkRiU1N0OVJaUGJwZkM3eGg2dE9 (truncated)...]
2026-04-25T00:34:51.355+05:30 DEBUG 13708 --- [gadget69-catalog-backend] [io-8081-exec-16] o.s.web.servlet.DispatcherServlet        : Completed 200 OK
2026-04-25T00:34:51.406+05:30 DEBUG 13708 --- [gadget69-catalog-backend] [io-8081-exec-17] o.s.web.servlet.DispatcherServlet        : GET "/api/admin/dashboard", parameters={}
2026-04-25T00:34:51.413+05:30 DEBUG 13708 --- [gadget69-catalog-backend] [io-8081-exec-17] s.w.s.m.m.a.RequestMappingHandlerMapping : Mapped to com.gadget69.catalog.controller.AdminCatalogController#dashboard(HttpServletRequest)
2026-04-25T00:34:51.449+05:30 DEBUG 13708 --- [gadget69-catalog-backend] [io-8081-exec-17] org.hibernate.SQL                        : 
    select
        au1_0.id,
        au1_0.created_at,
        au1_0.email,
        au1_0.name,
        au1_0.password_hash,
        au1_0.token_version 
    from
        admin_users au1_0 
    where
        au1_0.id=?
2026-04-25T00:34:51.460+05:30 DEBUG 13708 --- [gadget69-catalog-backend] [io-8081-exec-17] org.hibernate.SQL                        : 
    select
        co1_0.id,
        co1_0.address,
        co1_0.amount_paise,
        co1_0.created_at,
        co1_0.currency,
        co1_0.customer_name,
        co1_0.email,
        co1_0.is_deleted,
        co1_0.last_razorpay_event_id,
        co1_0.order_status,
        co1_0.payment_status,
        co1_0.customer_phone,
        co1_0.pincode,
        co1_0.razorpay_order_id,
        co1_0.razorpay_payment_id,
        co1_0.razorpay_signature,
        co1_0.total_amount,
        co1_0.updated_at 
    from
        customer_orders co1_0 
    where
        not(co1_0.is_deleted) 
    order by
        co1_0.created_at desc
2026-04-25T00:34:51.471+05:30 DEBUG 13708 --- [gadget69-catalog-backend] [io-8081-exec-17] org.hibernate.SQL                        : 
    select
        i1_0.order_id,
        i1_0.id,
        i1_0.price,
        i1_0.product_id,
        i1_0.product_name,
        i1_0.quantity,
        i1_0.variant_color,
        i1_0.variant_id,
        i1_0.variant_size 
    from
        order_items i1_0 
    where
        i1_0.order_id=? 
    order by
        i1_0.id
2026-04-25T00:34:51.479+05:30 DEBUG 13708 --- [gadget69-catalog-backend] [io-8081-exec-17] org.hibernate.SQL                        : 
    select
        i1_0.order_id,
        i1_0.id,
        i1_0.price,
        i1_0.product_id,
        i1_0.product_name,
        i1_0.quantity,
        i1_0.variant_color,
        i1_0.variant_id,
        i1_0.variant_size 
    from
        order_items i1_0 
    where
        i1_0.order_id=? 
    order by
        i1_0.id
2026-04-25T00:34:51.480+05:30 DEBUG 13708 --- [gadget69-catalog-backend] [io-8081-exec-17] org.hibernate.SQL                        : 
    select
        i1_0.order_id,
        i1_0.id,
        i1_0.price,
        i1_0.product_id,
        i1_0.product_name,
        i1_0.quantity,
        i1_0.variant_color,
        i1_0.variant_id,
        i1_0.variant_size 
    from
        order_items i1_0 
    where
        i1_0.order_id=? 
    order by
        i1_0.id
2026-04-25T00:34:51.493+05:30 DEBUG 13708 --- [gadget69-catalog-backend] [io-8081-exec-18] o.s.web.servlet.DispatcherServlet        : GET "/api/admin/settings", parameters={}
2026-04-25T00:34:51.494+05:30 DEBUG 13708 --- [gadget69-catalog-backend] [io-8081-exec-18] s.w.s.m.m.a.RequestMappingHandlerMapping : Mapped to com.gadget69.catalog.controller.AdminCatalogController#adminSettings(HttpServletRequest)
2026-04-25T00:34:51.496+05:30 DEBUG 13708 --- [gadget69-catalog-backend] [io-8081-exec-18] org.hibernate.SQL                        : 
    select
        au1_0.id,
        au1_0.created_at,
        au1_0.email,
        au1_0.name,
        au1_0.password_hash,
        au1_0.token_version 
    from
        admin_users au1_0 
    where
        au1_0.id=?
2026-04-25T00:34:51.500+05:30 DEBUG 13708 --- [gadget69-catalog-backend] [io-8081-exec-18] org.hibernate.SQL                        : 
    select
        ss1_0.id,
        ss1_0.announcement_items,
        ss1_0.catalogue_url,
        ss1_0.contact_url,
        ss1_0.created_at,
        ss1_0.favicon_url,
        ss1_0.footer_text,
        ss1_0.instagram_url,
        ss1_0.logo_url,
        ss1_0.meta_description,
        ss1_0.shop_phone,
        ss1_0.site_title,
        ss1_0.support_email,
        ss1_0.updated_at,
        ss1_0.whatsapp_number 
    from
        store_settings ss1_0 
    order by
        ss1_0.id 
    fetch
        first ? rows only
2026-04-25T00:34:51.510+05:30 DEBUG 13708 --- [gadget69-catalog-backend] [io-8081-exec-18] m.m.a.RequestResponseBodyMethodProcessor : Using 'application/json', given [application/json, text/plain, */*] and supported [application/json, application/*+json]
2026-04-25T00:34:51.512+05:30 DEBUG 13708 --- [gadget69-catalog-backend] [io-8081-exec-18] m.m.a.RequestResponseBodyMethodProcessor : Writing [SettingsResponse[id=1, siteTitle=Gadget69, metaDescription=Premium electronics crafted for those who (truncated)...]
2026-04-25T00:34:51.515+05:30 DEBUG 13708 --- [gadget69-catalog-backend] [io-8081-exec-18] o.s.web.servlet.DispatcherServlet        : Completed 200 OK
2026-04-25T00:34:51.521+05:30 DEBUG 13708 --- [gadget69-catalog-backend] [io-8081-exec-17] org.hibernate.SQL                        : 
    select
        count(*) 
    from
        products p1_0
2026-04-25T00:34:51.533+05:30 DEBUG 13708 --- [gadget69-catalog-backend] [io-8081-exec-17] org.hibernate.SQL                        : 
    select
        count(*) 
    from
        sections s1_0
2026-04-25T00:34:51.544+05:30 DEBUG 13708 --- [gadget69-catalog-backend] [io-8081-exec-17] org.hibernate.SQL                        : 
    select
        count(*) 
    from
        banners b1_0
2026-04-25T00:34:51.552+05:30 DEBUG 13708 --- [gadget69-catalog-backend] [io-8081-exec-17] org.hibernate.SQL                        : 
    select
        count(*) 
    from
        community_media cm1_0
2026-04-25T00:34:51.572+05:30 DEBUG 13708 --- [gadget69-catalog-backend] [io-8081-exec-17] m.m.a.RequestResponseBodyMethodProcessor : Using 'application/json', given [application/json, text/plain, */*] and supported [application/json, application/*+json]
2026-04-25T00:34:51.596+05:30 DEBUG 13708 --- [gadget69-catalog-backend] [io-8081-exec-17] m.m.a.RequestResponseBodyMethodProcessor : Writing [DashboardStatsResponse[totalOrders=3, paidOrders=0, totalRevenue=0, conversionRate=0.00, totalProduc (truncated)...]
2026-04-25T00:34:51.613+05:30 DEBUG 13708 --- [gadget69-catalog-backend] [io-8081-exec-17] o.s.web.servlet.DispatcherServlet        : Completed 200 OK
2026-04-25T00:34:52.664+05:30 DEBUG 13708 --- [gadget69-catalog-backend] [io-8081-exec-19] o.s.web.servlet.DispatcherServlet        : GET "/api/admin/orders", parameters={}
2026-04-25T00:34:52.665+05:30 DEBUG 13708 --- [gadget69-catalog-backend] [io-8081-exec-19] s.w.s.m.m.a.RequestMappingHandlerMapping : Mapped to com.gadget69.catalog.controller.OrderManagementController#getAllOrders(HttpServletRequest, String, String, String, String)
2026-04-25T00:34:52.681+05:30 DEBUG 13708 --- [gadget69-catalog-backend] [nio-8081-exec-1] o.s.web.servlet.DispatcherServlet        : GET "/api/admin/products", parameters={}
2026-04-25T00:34:52.681+05:30 DEBUG 13708 --- [gadget69-catalog-backend] [nio-8081-exec-1] s.w.s.m.m.a.RequestMappingHandlerMapping : Mapped to com.gadget69.catalog.controller.AdminCatalogController#adminProducts(HttpServletRequest)
2026-04-25T00:34:52.684+05:30 DEBUG 13708 --- [gadget69-catalog-backend] [nio-8081-exec-1] org.hibernate.SQL                        : 
    select
        au1_0.id,
        au1_0.created_at,
        au1_0.email,
        au1_0.name,
        au1_0.password_hash,
        au1_0.token_version 
    from
        admin_users au1_0 
    where
        au1_0.id=?
2026-04-25T00:34:52.694+05:30 DEBUG 13708 --- [gadget69-catalog-backend] [nio-8081-exec-1] org.hibernate.SQL                        : 
    select
        p1_0.id,
        p1_0.created_at,
        p1_0.default_thumbnail_url,
        p1_0.description,
        p1_0.display_order,
        p1_0.gallery_images,
        p1_0.image_url,
        p1_0.is_best_seller,
        p1_0.is_featured,
        p1_0.is_hero_featured,
        p1_0.is_new_launch,
        p1_0.model_number,
        p1_0.mrp,
        p1_0.name,
        p1_0.offer_flag,
        p1_0.offer_end_date,
        p1_0.offer_price,
        p1_0.offer_start_date,
        p1_0.price,
        p1_0.section_id,
        s1_0.id,
        s1_0.accent_tone,
        s1_0.created_at,
        s1_0.description,
        s1_0.image_url,
        s1_0.is_active,
        s1_0.name,
        s1_0.show_in_explore,
        s1_0.show_in_top_category,
        s1_0.sort_order,
        s1_0.updated_at,
        p1_0.short_description,
        p1_0.slug,
        p1_0.specifications,
        p1_0.status,
        p1_0.stock_quantity,
        p1_0.updated_at,
        p1_0.video_url 
    from
        products p1_0 
    join
        sections s1_0 
            on s1_0.id=p1_0.section_id 
    order by
        p1_0.display_order,
        p1_0.created_at desc
2026-04-25T00:34:52.714+05:30 DEBUG 13708 --- [gadget69-catalog-backend] [io-8081-exec-19] org.hibernate.SQL                        : 
    select
        au1_0.id,
        au1_0.created_at,
        au1_0.email,
        au1_0.name,
        au1_0.password_hash,
        au1_0.token_version 
    from
        admin_users au1_0 
    where
        au1_0.id=?
2026-04-25T00:34:52.747+05:30 DEBUG 13708 --- [gadget69-catalog-backend] [nio-8081-exec-1] org.hibernate.SQL                        : 
    select
        v1_0.product_id,
        v1_0.id,
        v1_0.color_name,
        v1_0.created_at,
        v1_0.display_order,
        v1_0.hex_code,
        v1_0.is_default,
        v1_0.price,
        v1_0.price_adjustment,
        v1_0.size,
        v1_0.sku,
        v1_0.stock 
    from
        product_variants v1_0 
    where
        v1_0.product_id=? 
    order by
        v1_0.display_order,
        v1_0.id
2026-04-25T00:34:52.749+05:30 DEBUG 13708 --- [gadget69-catalog-backend] [nio-8081-exec-1] org.hibernate.SQL                        : 
    select
        m1_0.product_id,
        m1_0.id,
        m1_0.display_order,
        m1_0.is_primary,
        m1_0.media_role,
        m1_0.media_type,
        m1_0.media_url 
    from
        product_media m1_0 
    where
        m1_0.product_id=? 
    order by
        m1_0.display_order,
        m1_0.id
2026-04-25T00:34:52.752+05:30 DEBUG 13708 --- [gadget69-catalog-backend] [nio-8081-exec-1] org.hibernate.SQL                        : 
    select
        v1_0.product_id,
        v1_0.id,
        v1_0.color_name,
        v1_0.created_at,
        v1_0.display_order,
        v1_0.hex_code,
        v1_0.is_default,
        v1_0.price,
        v1_0.price_adjustment,
        v1_0.size,
        v1_0.sku,
        v1_0.stock 
    from
        product_variants v1_0 
    where
        v1_0.product_id=? 
    order by
        v1_0.display_order,
        v1_0.id
2026-04-25T00:34:52.755+05:30 DEBUG 13708 --- [gadget69-catalog-backend] [nio-8081-exec-1] org.hibernate.SQL                        : 
    select
        m1_0.product_id,
        m1_0.id,
        m1_0.display_order,
        m1_0.is_primary,
        m1_0.media_role,
        m1_0.media_type,
        m1_0.media_url 
    from
        product_media m1_0 
    where
        m1_0.product_id=? 
    order by
        m1_0.display_order,
        m1_0.id
2026-04-25T00:34:52.760+05:30 DEBUG 13708 --- [gadget69-catalog-backend] [nio-8081-exec-1] org.hibernate.SQL                        : 
    select
        v1_0.product_id,
        v1_0.id,
        v1_0.color_name,
        v1_0.created_at,
        v1_0.display_order,
        v1_0.hex_code,
        v1_0.is_default,
        v1_0.price,
        v1_0.price_adjustment,
        v1_0.size,
        v1_0.sku,
        v1_0.stock 
    from
        product_variants v1_0 
    where
        v1_0.product_id=? 
    order by
        v1_0.display_order,
        v1_0.id
2026-04-25T00:34:52.762+05:30 DEBUG 13708 --- [gadget69-catalog-backend] [nio-8081-exec-1] org.hibernate.SQL                        : 
    select
        m1_0.product_id,
        m1_0.id,
        m1_0.display_order,
        m1_0.is_primary,
        m1_0.media_role,
        m1_0.media_type,
        m1_0.media_url 
    from
        product_media m1_0 
    where
        m1_0.product_id=? 
    order by
        m1_0.display_order,
        m1_0.id
2026-04-25T00:34:52.765+05:30 DEBUG 13708 --- [gadget69-catalog-backend] [nio-8081-exec-1] m.m.a.RequestResponseBodyMethodProcessor : Using 'application/json', given [application/json, text/plain, */*] and supported [application/json, application/*+json]
2026-04-25T00:34:52.766+05:30 DEBUG 13708 --- [gadget69-catalog-backend] [nio-8081-exec-1] m.m.a.RequestResponseBodyMethodProcessor : Writing [[ProductResponse[id=1, name=Gadget Pro Max, description=Titanium flagship phone with pro-grade camer (truncated)...]
2026-04-25T00:34:52.771+05:30 DEBUG 13708 --- [gadget69-catalog-backend] [nio-8081-exec-1] o.s.web.servlet.DispatcherServlet        : Completed 200 OK
2026-04-25T00:34:52.806+05:30 DEBUG 13708 --- [gadget69-catalog-backend] [io-8081-exec-19] org.hibernate.SQL                        : 
    select
        distinct co1_0.id,
        co1_0.address,
        co1_0.amount_paise,
        co1_0.created_at,
        co1_0.currency,
        co1_0.customer_name,
        co1_0.email,
        co1_0.is_deleted,
        i1_0.order_id,
        i1_0.id,
        i1_0.price,
        i1_0.product_id,
        i1_0.product_name,
        i1_0.quantity,
        i1_0.variant_color,
        i1_0.variant_id,
        i1_0.variant_size,
        co1_0.last_razorpay_event_id,
        co1_0.order_status,
        co1_0.payment_status,
        co1_0.customer_phone,
        co1_0.pincode,
        co1_0.razorpay_order_id,
        co1_0.razorpay_payment_id,
        co1_0.razorpay_signature,
        co1_0.total_amount,
        co1_0.updated_at 
    from
        customer_orders co1_0 
    left join
        order_items i1_0 
            on co1_0.id=i1_0.order_id 
    where
        co1_0.is_deleted=false 
        and (
            ? is null 
            or co1_0.order_status in (?)
        ) 
        and (
            ? is null 
            or co1_0.payment_status in (?)
        ) 
        and (
            ? is null 
            or co1_0.created_at>=?
        ) 
        and (
            ? is null 
            or co1_0.created_at<?
        ) 
    order by
        co1_0.created_at desc,
        i1_0.id
2026-04-25T00:34:52.820+05:30  INFO 13708 --- [gadget69-catalog-backend] [io-8081-exec-19] c.g.c.c.OrderManagementController        : Admin orders loaded requestId=71395858-23ae-4240-b902-86079034c427 adminId=1 filters={orderStatus=null,paymentStatus=null,fromDate=null,toDate=null} total=3
2026-04-25T00:34:52.833+05:30 DEBUG 13708 --- [gadget69-catalog-backend] [io-8081-exec-19] o.s.w.s.m.m.a.HttpEntityMethodProcessor  : Using 'application/json', given [application/json, text/plain, */*] and supported [application/json, application/*+json]
2026-04-25T00:34:52.878+05:30 DEBUG 13708 --- [gadget69-catalog-backend] [io-8081-exec-19] o.s.w.s.m.m.a.HttpEntityMethodProcessor  : Writing [AdminOrdersResponse[items=[OrderResponse[id=3, customerName=Browser Test User, phone=9876543210, ema (truncated)...]
2026-04-25T00:34:52.904+05:30 DEBUG 13708 --- [gadget69-catalog-backend] [io-8081-exec-19] o.s.web.servlet.DispatcherServlet        : Completed 200 OK
2026-04-25T00:34:55.389+05:30 DEBUG 13708 --- [gadget69-catalog-backend] [nio-8081-exec-2] o.s.web.servlet.DispatcherServlet        : GET "/api/products", parameters={}
2026-04-25T00:34:55.390+05:30 DEBUG 13708 --- [gadget69-catalog-backend] [nio-8081-exec-2] s.w.s.m.m.a.RequestMappingHandlerMapping : Mapped to com.gadget69.catalog.controller.PublicCatalogController#products()
2026-04-25T00:34:55.398+05:30 DEBUG 13708 --- [gadget69-catalog-backend] [nio-8081-exec-2] org.hibernate.SQL                        : 
    select
        p1_0.id,
        p1_0.created_at,
        p1_0.default_thumbnail_url,
        p1_0.description,
        p1_0.display_order,
        p1_0.gallery_images,
        p1_0.image_url,
        p1_0.is_best_seller,
        p1_0.is_featured,
        p1_0.is_hero_featured,
        p1_0.is_new_launch,
        p1_0.model_number,
        p1_0.mrp,
        p1_0.name,
        p1_0.offer_flag,
        p1_0.offer_end_date,
        p1_0.offer_price,
        p1_0.offer_start_date,
        p1_0.price,
        p1_0.section_id,
        s1_0.id,
        s1_0.accent_tone,
        s1_0.created_at,
        s1_0.description,
        s1_0.image_url,
        s1_0.is_active,
        s1_0.name,
        s1_0.show_in_explore,
        s1_0.show_in_top_category,
        s1_0.sort_order,
        s1_0.updated_at,
        p1_0.short_description,
        p1_0.slug,
        p1_0.specifications,
        p1_0.status,
        p1_0.stock_quantity,
        p1_0.updated_at,
        p1_0.video_url 
    from
        products p1_0 
    join
        sections s1_0 
            on s1_0.id=p1_0.section_id 
    order by
        p1_0.display_order,
        p1_0.created_at desc
2026-04-25T00:34:55.404+05:30 DEBUG 13708 --- [gadget69-catalog-backend] [nio-8081-exec-2] org.hibernate.SQL                        : 
    select
        v1_0.product_id,
        v1_0.id,
        v1_0.color_name,
        v1_0.created_at,
        v1_0.display_order,
        v1_0.hex_code,
        v1_0.is_default,
        v1_0.price,
        v1_0.price_adjustment,
        v1_0.size,
        v1_0.sku,
        v1_0.stock 
    from
        product_variants v1_0 
    where
        v1_0.product_id=? 
    order by
        v1_0.display_order,
        v1_0.id
2026-04-25T00:34:55.406+05:30 DEBUG 13708 --- [gadget69-catalog-backend] [nio-8081-exec-2] org.hibernate.SQL                        : 
    select
        m1_0.product_id,
        m1_0.id,
        m1_0.display_order,
        m1_0.is_primary,
        m1_0.media_role,
        m1_0.media_type,
        m1_0.media_url 
    from
        product_media m1_0 
    where
        m1_0.product_id=? 
    order by
        m1_0.display_order,
        m1_0.id
2026-04-25T00:34:55.411+05:30 DEBUG 13708 --- [gadget69-catalog-backend] [nio-8081-exec-2] org.hibernate.SQL                        : 
    select
        v1_0.product_id,
        v1_0.id,
        v1_0.color_name,
        v1_0.created_at,
        v1_0.display_order,
        v1_0.hex_code,
        v1_0.is_default,
        v1_0.price,
        v1_0.price_adjustment,
        v1_0.size,
        v1_0.sku,
        v1_0.stock 
    from
        product_variants v1_0 
    where
        v1_0.product_id=? 
    order by
        v1_0.display_order,
        v1_0.id
2026-04-25T00:34:55.412+05:30 DEBUG 13708 --- [gadget69-catalog-backend] [nio-8081-exec-2] org.hibernate.SQL                        : 
    select
        m1_0.product_id,
        m1_0.id,
        m1_0.display_order,
        m1_0.is_primary,
        m1_0.media_role,
        m1_0.media_type,
        m1_0.media_url 
    from
        product_media m1_0 
    where
        m1_0.product_id=? 
    order by
        m1_0.display_order,
        m1_0.id
2026-04-25T00:34:55.414+05:30 DEBUG 13708 --- [gadget69-catalog-backend] [nio-8081-exec-2] org.hibernate.SQL                        : 
    select
        v1_0.product_id,
        v1_0.id,
        v1_0.color_name,
        v1_0.created_at,
        v1_0.display_order,
        v1_0.hex_code,
        v1_0.is_default,
        v1_0.price,
        v1_0.price_adjustment,
        v1_0.size,
        v1_0.sku,
        v1_0.stock 
    from
        product_variants v1_0 
    where
        v1_0.product_id=? 
    order by
        v1_0.display_order,
        v1_0.id
2026-04-25T00:34:55.416+05:30 DEBUG 13708 --- [gadget69-catalog-backend] [nio-8081-exec-2] org.hibernate.SQL                        : 
    select
        m1_0.product_id,
        m1_0.id,
        m1_0.display_order,
        m1_0.is_primary,
        m1_0.media_role,
        m1_0.media_type,
        m1_0.media_url 
    from
        product_media m1_0 
    where
        m1_0.product_id=? 
    order by
        m1_0.display_order,
        m1_0.id
2026-04-25T00:34:55.419+05:30 DEBUG 13708 --- [gadget69-catalog-backend] [nio-8081-exec-2] m.m.a.RequestResponseBodyMethodProcessor : Using 'application/json', given [*/*] and supported [application/json, application/*+json]
2026-04-25T00:34:55.420+05:30 DEBUG 13708 --- [gadget69-catalog-backend] [nio-8081-exec-2] m.m.a.RequestResponseBodyMethodProcessor : Writing [[ProductResponse[id=1, name=Gadget Pro Max, description=Titanium flagship phone with pro-grade camer (truncated)...]
2026-04-25T00:34:55.426+05:30 DEBUG 13708 --- [gadget69-catalog-backend] [nio-8081-exec-2] o.s.web.servlet.DispatcherServlet        : Completed 200 OK
2026-04-25T00:34:56.197+05:30 DEBUG 13708 --- [gadget69-catalog-backend] [nio-8081-exec-3] o.s.web.servlet.DispatcherServlet        : POST "/api/admin/login", parameters={}
2026-04-25T00:34:56.198+05:30 DEBUG 13708 --- [gadget69-catalog-backend] [nio-8081-exec-3] s.w.s.m.m.a.RequestMappingHandlerMapping : Mapped to com.gadget69.catalog.controller.AdminCatalogController#login(AdminLoginRequest)
2026-04-25T00:34:56.201+05:30 DEBUG 13708 --- [gadget69-catalog-backend] [nio-8081-exec-3] m.m.a.RequestResponseBodyMethodProcessor : Read "application/json;charset=UTF-8" to [AdminLoginRequest[email=admin@gadget69.com, password=Admin@123]]
2026-04-25T00:34:56.212+05:30 DEBUG 13708 --- [gadget69-catalog-backend] [nio-8081-exec-3] org.hibernate.SQL                        : 
    select
        au1_0.id,
        au1_0.created_at,
        au1_0.email,
        au1_0.name,
        au1_0.password_hash,
        au1_0.token_version 
    from
        admin_users au1_0 
    where
        upper(au1_0.email)=upper(?)
2026-04-25T00:34:56.383+05:30 DEBUG 13708 --- [gadget69-catalog-backend] [nio-8081-exec-3] m.m.a.RequestResponseBodyMethodProcessor : Using 'application/json', given [application/json, text/plain, */*] and supported [application/json, application/*+json]
2026-04-25T00:34:56.384+05:30 DEBUG 13708 --- [gadget69-catalog-backend] [nio-8081-exec-3] m.m.a.RequestResponseBodyMethodProcessor : Writing [AdminLoginResponse[token=MTphZG1pbkBnYWRnZXQ2OS5jb206MTc3NzE0Mzg5NjM4MjowOl82YWM4d09EZm9uamtBc050LUp (truncated)...]
2026-04-25T00:34:56.386+05:30 DEBUG 13708 --- [gadget69-catalog-backend] [nio-8081-exec-3] o.s.web.servlet.DispatcherServlet        : Completed 200 OK
2026-04-25T00:39:38.527+05:30 DEBUG 13708 --- [gadget69-catalog-backend] [nio-8081-exec-5] o.s.web.servlet.DispatcherServlet        : GET "/api/storefront/bootstrap", parameters={}
2026-04-25T00:39:38.530+05:30 DEBUG 13708 --- [gadget69-catalog-backend] [nio-8081-exec-5] o.s.w.s.handler.SimpleUrlHandlerMapping  : Mapped to ResourceHttpRequestHandler [classpath [META-INF/resources/], classpath [resources/], classpath [static/], classpath [public/], ServletContext [/]]
2026-04-25T00:39:38.533+05:30 DEBUG 13708 --- [gadget69-catalog-backend] [nio-8081-exec-5] o.s.w.s.r.ResourceHttpRequestHandler     : Resource not found
2026-04-25T00:39:38.535+05:30 DEBUG 13708 --- [gadget69-catalog-backend] [nio-8081-exec-5] .m.m.a.ExceptionHandlerExceptionResolver : Using @ExceptionHandler com.gadget69.catalog.controller.ApiExceptionHandler#handleNoResourceFound(NoResourceFoundException, HttpServletRequest, HttpServletResponse)
2026-04-25T00:39:38.538+05:30 DEBUG 13708 --- [gadget69-catalog-backend] [nio-8081-exec-5] o.s.w.s.m.m.a.HttpEntityMethodProcessor  : Using 'application/json', given [application/json, text/plain, */*] and supported [application/json, application/*+json]
2026-04-25T00:39:38.539+05:30 DEBUG 13708 --- [gadget69-catalog-backend] [nio-8081-exec-5] o.s.w.s.m.m.a.HttpEntityMethodProcessor  : Writing [ApiErrorResponse[code=NOT_FOUND, message=Resource not found, requestId=5e46bb10-6c2d-423b-8f40-f373f (truncated)...]
2026-04-25T00:39:38.539+05:30 DEBUG 13708 --- [gadget69-catalog-backend] [nio-8081-exec-5] .m.m.a.ExceptionHandlerExceptionResolver : Resolved [org.springframework.web.servlet.resource.NoResourceFoundException: No static resource api/storefront/bootstrap.]
2026-04-25T00:39:38.541+05:30 DEBUG 13708 --- [gadget69-catalog-backend] [nio-8081-exec-5] o.s.web.servlet.DispatcherServlet        : Completed 404 NOT_FOUND
2026-04-25T00:39:38.617+05:30 DEBUG 13708 --- [gadget69-catalog-backend] [nio-8081-exec-8] o.s.web.servlet.DispatcherServlet        : GET "/api/sections", parameters={}
2026-04-25T00:39:38.617+05:30 DEBUG 13708 --- [gadget69-catalog-backend] [nio-8081-exec-8] s.w.s.m.m.a.RequestMappingHandlerMapping : Mapped to com.gadget69.catalog.controller.PublicCatalogController#sections()
2026-04-25T00:39:38.621+05:30 DEBUG 13708 --- [gadget69-catalog-backend] [io-8081-exec-10] o.s.web.servlet.DispatcherServlet        : GET "/api/products", parameters={}
2026-04-25T00:39:38.622+05:30 DEBUG 13708 --- [gadget69-catalog-backend] [io-8081-exec-10] s.w.s.m.m.a.RequestMappingHandlerMapping : Mapped to com.gadget69.catalog.controller.PublicCatalogController#products()
2026-04-25T00:39:38.624+05:30 DEBUG 13708 --- [gadget69-catalog-backend] [nio-8081-exec-8] org.hibernate.SQL                        : 
    select
        s1_0.id,
        s1_0.accent_tone,
        s1_0.created_at,
        s1_0.description,
        s1_0.image_url,
        s1_0.is_active,
        s1_0.name,
        s1_0.show_in_explore,
        s1_0.show_in_top_category,
        s1_0.sort_order,
        s1_0.updated_at 
    from
        sections s1_0 
    order by
        s1_0.sort_order,
        s1_0.name
2026-04-25T00:39:38.630+05:30 DEBUG 13708 --- [gadget69-catalog-backend] [io-8081-exec-10] org.hibernate.SQL                        : 
    select
        p1_0.id,
        p1_0.created_at,
        p1_0.default_thumbnail_url,
        p1_0.description,
        p1_0.display_order,
        p1_0.gallery_images,
        p1_0.image_url,
        p1_0.is_best_seller,
        p1_0.is_featured,
        p1_0.is_hero_featured,
        p1_0.is_new_launch,
        p1_0.model_number,
        p1_0.mrp,
        p1_0.name,
        p1_0.offer_flag,
        p1_0.offer_end_date,
        p1_0.offer_price,
        p1_0.offer_start_date,
        p1_0.price,
        p1_0.section_id,
        s1_0.id,
        s1_0.accent_tone,
        s1_0.created_at,
        s1_0.description,
        s1_0.image_url,
        s1_0.is_active,
        s1_0.name,
        s1_0.show_in_explore,
        s1_0.show_in_top_category,
        s1_0.sort_order,
        s1_0.updated_at,
        p1_0.short_description,
        p1_0.slug,
        p1_0.specifications,
        p1_0.status,
        p1_0.stock_quantity,
        p1_0.updated_at,
        p1_0.video_url 
    from
        products p1_0 
    join
        sections s1_0 
            on s1_0.id=p1_0.section_id 
    order by
        p1_0.display_order,
        p1_0.created_at desc
2026-04-25T00:39:38.632+05:30 DEBUG 13708 --- [gadget69-catalog-backend] [nio-8081-exec-8] m.m.a.RequestResponseBodyMethodProcessor : Using 'application/json', given [application/json, text/plain, */*] and supported [application/json, application/*+json]
2026-04-25T00:39:38.634+05:30 DEBUG 13708 --- [gadget69-catalog-backend] [nio-8081-exec-8] m.m.a.RequestResponseBodyMethodProcessor : Writing [[SectionResponse[id=1, name=Smartphones, description=Premium flagship smartphones, imageUrl=https:// (truncated)...]
2026-04-25T00:39:38.636+05:30 DEBUG 13708 --- [gadget69-catalog-backend] [nio-8081-exec-8] o.s.web.servlet.DispatcherServlet        : Completed 200 OK
2026-04-25T00:39:38.640+05:30 DEBUG 13708 --- [gadget69-catalog-backend] [io-8081-exec-10] org.hibernate.SQL                        : 
    select
        v1_0.product_id,
        v1_0.id,
        v1_0.color_name,
        v1_0.created_at,
        v1_0.display_order,
        v1_0.hex_code,
        v1_0.is_default,
        v1_0.price,
        v1_0.price_adjustment,
        v1_0.size,
        v1_0.sku,
        v1_0.stock 
    from
        product_variants v1_0 
    where
        v1_0.product_id=? 
    order by
        v1_0.display_order,
        v1_0.id
2026-04-25T00:39:38.642+05:30 DEBUG 13708 --- [gadget69-catalog-backend] [io-8081-exec-10] org.hibernate.SQL                        : 
    select
        m1_0.product_id,
        m1_0.id,
        m1_0.display_order,
        m1_0.is_primary,
        m1_0.media_role,
        m1_0.media_type,
        m1_0.media_url 
    from
        product_media m1_0 
    where
        m1_0.product_id=? 
    order by
        m1_0.display_order,
        m1_0.id
2026-04-25T00:39:38.647+05:30 DEBUG 13708 --- [gadget69-catalog-backend] [io-8081-exec-10] org.hibernate.SQL                        : 
    select
        v1_0.product_id,
        v1_0.id,
        v1_0.color_name,
        v1_0.created_at,
        v1_0.display_order,
        v1_0.hex_code,
        v1_0.is_default,
        v1_0.price,
        v1_0.price_adjustment,
        v1_0.size,
        v1_0.sku,
        v1_0.stock 
    from
        product_variants v1_0 
    where
        v1_0.product_id=? 
    order by
        v1_0.display_order,
        v1_0.id
2026-04-25T00:39:38.649+05:30 DEBUG 13708 --- [gadget69-catalog-backend] [io-8081-exec-10] org.hibernate.SQL                        : 
    select
        m1_0.product_id,
        m1_0.id,
        m1_0.display_order,
        m1_0.is_primary,
        m1_0.media_role,
        m1_0.media_type,
        m1_0.media_url 
    from
        product_media m1_0 
    where
        m1_0.product_id=? 
    order by
        m1_0.display_order,
        m1_0.id
2026-04-25T00:39:38.649+05:30 DEBUG 13708 --- [gadget69-catalog-backend] [nio-8081-exec-9] o.s.web.servlet.DispatcherServlet        : GET "/api/banners", parameters={}
2026-04-25T00:39:38.649+05:30 DEBUG 13708 --- [gadget69-catalog-backend] [nio-8081-exec-9] s.w.s.m.m.a.RequestMappingHandlerMapping : Mapped to com.gadget69.catalog.controller.PublicCatalogController#banners()
2026-04-25T00:39:38.651+05:30 DEBUG 13708 --- [gadget69-catalog-backend] [io-8081-exec-10] org.hibernate.SQL                        : 
    select
        v1_0.product_id,
        v1_0.id,
        v1_0.color_name,
        v1_0.created_at,
        v1_0.display_order,
        v1_0.hex_code,
        v1_0.is_default,
        v1_0.price,
        v1_0.price_adjustment,
        v1_0.size,
        v1_0.sku,
        v1_0.stock 
    from
        product_variants v1_0 
    where
        v1_0.product_id=? 
    order by
        v1_0.display_order,
        v1_0.id
2026-04-25T00:39:38.653+05:30 DEBUG 13708 --- [gadget69-catalog-backend] [nio-8081-exec-9] org.hibernate.SQL                        : 
    select
        b1_0.id,
        b1_0.created_at,
        b1_0.cta_link,
        b1_0.cta_text,
        b1_0.desktop_image_url,
        b1_0.display_order,
        b1_0.is_active,
        b1_0.linked_product_id,
        b1_0.mobile_image_url,
        b1_0.title,
        b1_0.updated_at 
    from
        banners b1_0 
    where
        b1_0.is_active 
    order by
        b1_0.display_order,
        b1_0.id
2026-04-25T00:39:38.654+05:30 DEBUG 13708 --- [gadget69-catalog-backend] [io-8081-exec-10] org.hibernate.SQL                        : 
    select
        m1_0.product_id,
        m1_0.id,
        m1_0.display_order,
        m1_0.is_primary,
        m1_0.media_role,
        m1_0.media_type,
        m1_0.media_url 
    from
        product_media m1_0 
    where
        m1_0.product_id=? 
    order by
        m1_0.display_order,
        m1_0.id
2026-04-25T00:39:38.658+05:30 DEBUG 13708 --- [gadget69-catalog-backend] [nio-8081-exec-9] m.m.a.RequestResponseBodyMethodProcessor : Using 'application/json', given [application/json, text/plain, */*] and supported [application/json, application/*+json]
2026-04-25T00:39:38.658+05:30 DEBUG 13708 --- [gadget69-catalog-backend] [io-8081-exec-10] m.m.a.RequestResponseBodyMethodProcessor : Using 'application/json', given [application/json, text/plain, */*] and supported [application/json, application/*+json]
2026-04-25T00:39:38.659+05:30 DEBUG 13708 --- [gadget69-catalog-backend] [nio-8081-exec-9] m.m.a.RequestResponseBodyMethodProcessor : Writing [[BannerResponse[id=1, title=New Gadget Pro Max, desktopImageUrl=https://images.unsplash.com/photo-15 (truncated)...]
2026-04-25T00:39:38.659+05:30 DEBUG 13708 --- [gadget69-catalog-backend] [io-8081-exec-10] m.m.a.RequestResponseBodyMethodProcessor : Writing [[ProductResponse[id=1, name=Gadget Pro Max, description=Titanium flagship phone with pro-grade camer (truncated)...]
2026-04-25T00:39:38.663+05:30 DEBUG 13708 --- [gadget69-catalog-backend] [nio-8081-exec-9] o.s.web.servlet.DispatcherServlet        : Completed 200 OK
2026-04-25T00:39:38.663+05:30 DEBUG 13708 --- [gadget69-catalog-backend] [io-8081-exec-10] o.s.web.servlet.DispatcherServlet        : Completed 200 OK
2026-04-25T00:39:38.680+05:30 DEBUG 13708 --- [gadget69-catalog-backend] [io-8081-exec-11] o.s.web.servlet.DispatcherServlet        : GET "/api/settings", parameters={}
2026-04-25T00:39:38.680+05:30 DEBUG 13708 --- [gadget69-catalog-backend] [io-8081-exec-11] s.w.s.m.m.a.RequestMappingHandlerMapping : Mapped to com.gadget69.catalog.controller.PublicCatalogController#settings()
2026-04-25T00:39:38.684+05:30 DEBUG 13708 --- [gadget69-catalog-backend] [io-8081-exec-11] org.hibernate.SQL                        : 
    select
        ss1_0.id,
        ss1_0.announcement_items,
        ss1_0.catalogue_url,
        ss1_0.contact_url,
        ss1_0.created_at,
        ss1_0.favicon_url,
        ss1_0.footer_text,
        ss1_0.instagram_url,
        ss1_0.logo_url,
        ss1_0.meta_description,
        ss1_0.shop_phone,
        ss1_0.site_title,
        ss1_0.support_email,
        ss1_0.updated_at,
        ss1_0.whatsapp_number 
    from
        store_settings ss1_0 
    order by
        ss1_0.id 
    fetch
        first ? rows only
2026-04-25T00:39:38.688+05:30 DEBUG 13708 --- [gadget69-catalog-backend] [io-8081-exec-11] m.m.a.RequestResponseBodyMethodProcessor : Using 'application/json', given [application/json, text/plain, */*] and supported [application/json, application/*+json]
2026-04-25T00:39:38.689+05:30 DEBUG 13708 --- [gadget69-catalog-backend] [io-8081-exec-11] m.m.a.RequestResponseBodyMethodProcessor : Writing [SettingsResponse[id=1, siteTitle=Gadget69, metaDescription=Premium electronics crafted for those who (truncated)...]
2026-04-25T00:39:38.691+05:30 DEBUG 13708 --- [gadget69-catalog-backend] [io-8081-exec-11] o.s.web.servlet.DispatcherServlet        : Completed 200 OK
2026-04-25T00:40:47.518+05:30 DEBUG 13708 --- [gadget69-catalog-backend] [io-8081-exec-13] o.s.web.servlet.DispatcherServlet        : GET "/api/health", parameters={}
2026-04-25T00:40:47.518+05:30 DEBUG 13708 --- [gadget69-catalog-backend] [io-8081-exec-13] s.w.s.m.m.a.RequestMappingHandlerMapping : Mapped to com.gadget69.catalog.controller.PublicCatalogController#health()
2026-04-25T00:40:47.518+05:30 DEBUG 13708 --- [gadget69-catalog-backend] [io-8081-exec-13] m.m.a.RequestResponseBodyMethodProcessor : Using 'application/json', given [*/*] and supported [application/json, application/*+json]
2026-04-25T00:40:47.520+05:30 DEBUG 13708 --- [gadget69-catalog-backend] [io-8081-exec-13] m.m.a.RequestResponseBodyMethodProcessor : Writing [{status=UP, service=gadget69-catalog-backend}]
2026-04-25T00:40:47.522+05:30 DEBUG 13708 --- [gadget69-catalog-backend] [io-8081-exec-13] o.s.web.servlet.DispatcherServlet        : Completed 200 OK
2026-04-25T00:40:51.988+05:30 DEBUG 13708 --- [gadget69-catalog-backend] [io-8081-exec-12] o.s.web.servlet.DispatcherServlet        : GET "/api/products", parameters={}
2026-04-25T00:40:51.991+05:30 DEBUG 13708 --- [gadget69-catalog-backend] [io-8081-exec-12] s.w.s.m.m.a.RequestMappingHandlerMapping : Mapped to com.gadget69.catalog.controller.PublicCatalogController#products()
2026-04-25T00:40:52.000+05:30 DEBUG 13708 --- [gadget69-catalog-backend] [io-8081-exec-12] org.hibernate.SQL                        : 
    select
        p1_0.id,
        p1_0.created_at,
        p1_0.default_thumbnail_url,
        p1_0.description,
        p1_0.display_order,
        p1_0.gallery_images,
        p1_0.image_url,
        p1_0.is_best_seller,
        p1_0.is_featured,
        p1_0.is_hero_featured,
        p1_0.is_new_launch,
        p1_0.model_number,
        p1_0.mrp,
        p1_0.name,
        p1_0.offer_flag,
        p1_0.offer_end_date,
        p1_0.offer_price,
        p1_0.offer_start_date,
        p1_0.price,
        p1_0.section_id,
        s1_0.id,
        s1_0.accent_tone,
        s1_0.created_at,
        s1_0.description,
        s1_0.image_url,
        s1_0.is_active,
        s1_0.name,
        s1_0.show_in_explore,
        s1_0.show_in_top_category,
        s1_0.sort_order,
        s1_0.updated_at,
        p1_0.short_description,
        p1_0.slug,
        p1_0.specifications,
        p1_0.status,
        p1_0.stock_quantity,
        p1_0.updated_at,
        p1_0.video_url 
    from
        products p1_0 
    join
        sections s1_0 
            on s1_0.id=p1_0.section_id 
    order by
        p1_0.display_order,
        p1_0.created_at desc
2026-04-25T00:40:52.006+05:30 DEBUG 13708 --- [gadget69-catalog-backend] [io-8081-exec-12] org.hibernate.SQL                        : 
    select
        v1_0.product_id,
        v1_0.id,
        v1_0.color_name,
        v1_0.created_at,
        v1_0.display_order,
        v1_0.hex_code,
        v1_0.is_default,
        v1_0.price,
        v1_0.price_adjustment,
        v1_0.size,
        v1_0.sku,
        v1_0.stock 
    from
        product_variants v1_0 
    where
        v1_0.product_id=? 
    order by
        v1_0.display_order,
        v1_0.id
2026-04-25T00:40:52.010+05:30 DEBUG 13708 --- [gadget69-catalog-backend] [io-8081-exec-12] org.hibernate.SQL                        : 
    select
        m1_0.product_id,
        m1_0.id,
        m1_0.display_order,
        m1_0.is_primary,
        m1_0.media_role,
        m1_0.media_type,
        m1_0.media_url 
    from
        product_media m1_0 
    where
        m1_0.product_id=? 
    order by
        m1_0.display_order,
        m1_0.id
2026-04-25T00:40:52.016+05:30 DEBUG 13708 --- [gadget69-catalog-backend] [io-8081-exec-12] org.hibernate.SQL                        : 
    select
        v1_0.product_id,
        v1_0.id,
        v1_0.color_name,
        v1_0.created_at,
        v1_0.display_order,
        v1_0.hex_code,
        v1_0.is_default,
        v1_0.price,
        v1_0.price_adjustment,
        v1_0.size,
        v1_0.sku,
        v1_0.stock 
    from
        product_variants v1_0 
    where
        v1_0.product_id=? 
    order by
        v1_0.display_order,
        v1_0.id
2026-04-25T00:40:52.017+05:30 DEBUG 13708 --- [gadget69-catalog-backend] [io-8081-exec-12] org.hibernate.SQL                        : 
    select
        m1_0.product_id,
        m1_0.id,
        m1_0.display_order,
        m1_0.is_primary,
        m1_0.media_role,
        m1_0.media_type,
        m1_0.media_url 
    from
        product_media m1_0 
    where
        m1_0.product_id=? 
    order by
        m1_0.display_order,
        m1_0.id
2026-04-25T00:40:52.019+05:30 DEBUG 13708 --- [gadget69-catalog-backend] [io-8081-exec-12] org.hibernate.SQL                        : 
    select
        v1_0.product_id,
        v1_0.id,
        v1_0.color_name,
        v1_0.created_at,
        v1_0.display_order,
        v1_0.hex_code,
        v1_0.is_default,
        v1_0.price,
        v1_0.price_adjustment,
        v1_0.size,
        v1_0.sku,
        v1_0.stock 
    from
        product_variants v1_0 
    where
        v1_0.product_id=? 
    order by
        v1_0.display_order,
        v1_0.id
2026-04-25T00:40:52.020+05:30 DEBUG 13708 --- [gadget69-catalog-backend] [io-8081-exec-12] org.hibernate.SQL                        : 
    select
        m1_0.product_id,
        m1_0.id,
        m1_0.display_order,
        m1_0.is_primary,
        m1_0.media_role,
        m1_0.media_type,
        m1_0.media_url 
    from
        product_media m1_0 
    where
        m1_0.product_id=? 
    order by
        m1_0.display_order,
        m1_0.id
2026-04-25T00:40:52.022+05:30 DEBUG 13708 --- [gadget69-catalog-backend] [io-8081-exec-12] m.m.a.RequestResponseBodyMethodProcessor : Using 'application/json', given [*/*] and supported [application/json, application/*+json]
2026-04-25T00:40:52.024+05:30 DEBUG 13708 --- [gadget69-catalog-backend] [io-8081-exec-12] m.m.a.RequestResponseBodyMethodProcessor : Writing [[ProductResponse[id=1, name=Gadget Pro Max, description=Titanium flagship phone with pro-grade camer (truncated)...]
2026-04-25T00:40:52.026+05:30 DEBUG 13708 --- [gadget69-catalog-backend] [io-8081-exec-12] o.s.web.servlet.DispatcherServlet        : Completed 200 OK
2026-04-25T00:40:52.271+05:30 DEBUG 13708 --- [gadget69-catalog-backend] [io-8081-exec-15] o.s.web.servlet.DispatcherServlet        : GET "/api/storefront/bootstrap", parameters={}
2026-04-25T00:40:52.284+05:30 DEBUG 13708 --- [gadget69-catalog-backend] [io-8081-exec-15] o.s.w.s.handler.SimpleUrlHandlerMapping  : Mapped to ResourceHttpRequestHandler [classpath [META-INF/resources/], classpath [resources/], classpath [static/], classpath [public/], ServletContext [/]]
2026-04-25T00:40:52.304+05:30 DEBUG 13708 --- [gadget69-catalog-backend] [io-8081-exec-14] o.s.web.servlet.DispatcherServlet        : GET "/api/reviews", parameters={}
2026-04-25T00:40:52.304+05:30 DEBUG 13708 --- [gadget69-catalog-backend] [io-8081-exec-16] o.s.web.servlet.DispatcherServlet        : GET "/api/community-media", parameters={}
2026-04-25T00:40:52.306+05:30 DEBUG 13708 --- [gadget69-catalog-backend] [io-8081-exec-16] s.w.s.m.m.a.RequestMappingHandlerMapping : Mapped to com.gadget69.catalog.controller.PublicCatalogController#communityMedia()
2026-04-25T00:40:52.305+05:30 DEBUG 13708 --- [gadget69-catalog-backend] [io-8081-exec-14] s.w.s.m.m.a.RequestMappingHandlerMapping : Mapped to com.gadget69.catalog.controller.PublicCatalogController#reviews()
2026-04-25T00:40:52.317+05:30 DEBUG 13708 --- [gadget69-catalog-backend] [io-8081-exec-14] org.hibernate.SQL                        : 
    select
        r1_0.id,
        r1_0.avatar,
        r1_0.comment,
        r1_0.created_at,
        r1_0.name,
        r1_0.rating,
        r1_0.review_date,
        r1_0.updated_at 
    from
        reviews r1_0 
    order by
        r1_0.review_date desc,
        r1_0.id desc
2026-04-25T00:40:52.289+05:30 DEBUG 13708 --- [gadget69-catalog-backend] [io-8081-exec-15] o.s.w.s.r.ResourceHttpRequestHandler     : Resource not found
2026-04-25T00:40:52.334+05:30 DEBUG 13708 --- [gadget69-catalog-backend] [io-8081-exec-16] org.hibernate.SQL                        : 
    select
        cm1_0.id,
        cm1_0.action_link,
        cm1_0.caption,
        cm1_0.created_at,
        cm1_0.display_order,
        cm1_0.image_url,
        cm1_0.is_active,
        cm1_0.media_type,
        cm1_0.thumbnail_url,
        cm1_0.title,
        cm1_0.updated_at,
        cm1_0.video_duration,
        cm1_0.video_height,
        cm1_0.video_public_id,
        cm1_0.video_url,
        cm1_0.video_width 
    from
        community_media cm1_0 
    where
        cm1_0.is_active 
    order by
        cm1_0.display_order,
        cm1_0.id
2026-04-25T00:40:52.334+05:30 DEBUG 13708 --- [gadget69-catalog-backend] [io-8081-exec-15] .m.m.a.ExceptionHandlerExceptionResolver : Using @ExceptionHandler com.gadget69.catalog.controller.ApiExceptionHandler#handleNoResourceFound(NoResourceFoundException, HttpServletRequest, HttpServletResponse)
2026-04-25T00:40:52.336+05:30 DEBUG 13708 --- [gadget69-catalog-backend] [io-8081-exec-15] o.s.w.s.m.m.a.HttpEntityMethodProcessor  : Using 'application/json', given [application/json, text/plain, */*] and supported [application/json, application/*+json]
2026-04-25T00:40:52.338+05:30 DEBUG 13708 --- [gadget69-catalog-backend] [io-8081-exec-15] o.s.w.s.m.m.a.HttpEntityMethodProcessor  : Writing [ApiErrorResponse[code=NOT_FOUND, message=Resource not found, requestId=e02eb8fe-6a73-4ca6-a30b-18aa1 (truncated)...]
2026-04-25T00:40:52.338+05:30 DEBUG 13708 --- [gadget69-catalog-backend] [io-8081-exec-15] .m.m.a.ExceptionHandlerExceptionResolver : Resolved [org.springframework.web.servlet.resource.NoResourceFoundException: No static resource api/storefront/bootstrap.]
2026-04-25T00:40:52.340+05:30 DEBUG 13708 --- [gadget69-catalog-backend] [io-8081-exec-15] o.s.web.servlet.DispatcherServlet        : Completed 404 NOT_FOUND
2026-04-25T00:40:52.336+05:30 DEBUG 13708 --- [gadget69-catalog-backend] [io-8081-exec-14] m.m.a.RequestResponseBodyMethodProcessor : Using 'application/json', given [application/json, text/plain, */*] and supported [application/json, application/*+json]
2026-04-25T00:40:52.356+05:30 DEBUG 13708 --- [gadget69-catalog-backend] [io-8081-exec-14] m.m.a.RequestResponseBodyMethodProcessor : Writing [[ReviewResponse[id=1, name=Aarav Nair, rating=5, comment=Quick delivery, clean packaging, and the pr (truncated)...]
2026-04-25T00:40:52.358+05:30 DEBUG 13708 --- [gadget69-catalog-backend] [io-8081-exec-14] o.s.web.servlet.DispatcherServlet        : Completed 200 OK
2026-04-25T00:40:52.368+05:30 DEBUG 13708 --- [gadget69-catalog-backend] [io-8081-exec-18] o.s.web.servlet.DispatcherServlet        : GET "/api/sections", parameters={}
2026-04-25T00:40:52.368+05:30 DEBUG 13708 --- [gadget69-catalog-backend] [io-8081-exec-18] s.w.s.m.m.a.RequestMappingHandlerMapping : Mapped to com.gadget69.catalog.controller.PublicCatalogController#sections()
2026-04-25T00:40:52.370+05:30 DEBUG 13708 --- [gadget69-catalog-backend] [io-8081-exec-17] o.s.web.servlet.DispatcherServlet        : GET "/api/products", parameters={}
2026-04-25T00:40:52.373+05:30 DEBUG 13708 --- [gadget69-catalog-backend] [io-8081-exec-17] s.w.s.m.m.a.RequestMappingHandlerMapping : Mapped to com.gadget69.catalog.controller.PublicCatalogController#products()
2026-04-25T00:40:52.373+05:30 DEBUG 13708 --- [gadget69-catalog-backend] [nio-8081-exec-1] o.s.web.servlet.DispatcherServlet        : GET "/api/banners", parameters={}
2026-04-25T00:40:52.376+05:30 DEBUG 13708 --- [gadget69-catalog-backend] [nio-8081-exec-1] s.w.s.m.m.a.RequestMappingHandlerMapping : Mapped to com.gadget69.catalog.controller.PublicCatalogController#banners()
2026-04-25T00:40:52.373+05:30 DEBUG 13708 --- [gadget69-catalog-backend] [io-8081-exec-19] o.s.web.servlet.DispatcherServlet        : GET "/api/settings", parameters={}
2026-04-25T00:40:52.376+05:30 DEBUG 13708 --- [gadget69-catalog-backend] [io-8081-exec-19] s.w.s.m.m.a.RequestMappingHandlerMapping : Mapped to com.gadget69.catalog.controller.PublicCatalogController#settings()
2026-04-25T00:40:52.380+05:30 DEBUG 13708 --- [gadget69-catalog-backend] [nio-8081-exec-1] org.hibernate.SQL                        : 
    select
        b1_0.id,
        b1_0.created_at,
        b1_0.cta_link,
        b1_0.cta_text,
        b1_0.desktop_image_url,
        b1_0.display_order,
        b1_0.is_active,
        b1_0.linked_product_id,
        b1_0.mobile_image_url,
        b1_0.title,
        b1_0.updated_at 
    from
        banners b1_0 
    where
        b1_0.is_active 
    order by
        b1_0.display_order,
        b1_0.id
2026-04-25T00:40:52.382+05:30 DEBUG 13708 --- [gadget69-catalog-backend] [nio-8081-exec-1] m.m.a.RequestResponseBodyMethodProcessor : Using 'application/json', given [application/json, text/plain, */*] and supported [application/json, application/*+json]
2026-04-25T00:40:52.357+05:30 DEBUG 13708 --- [gadget69-catalog-backend] [io-8081-exec-16] m.m.a.RequestResponseBodyMethodProcessor : Using 'application/json', given [application/json, text/plain, */*] and supported [application/json, application/*+json]
2026-04-25T00:40:52.380+05:30 DEBUG 13708 --- [gadget69-catalog-backend] [io-8081-exec-19] org.hibernate.SQL                        : 
    select
        ss1_0.id,
        ss1_0.announcement_items,
        ss1_0.catalogue_url,
        ss1_0.contact_url,
        ss1_0.created_at,
        ss1_0.favicon_url,
        ss1_0.footer_text,
        ss1_0.instagram_url,
        ss1_0.logo_url,
        ss1_0.meta_description,
        ss1_0.shop_phone,
        ss1_0.site_title,
        ss1_0.support_email,
        ss1_0.updated_at,
        ss1_0.whatsapp_number 
    from
        store_settings ss1_0 
    order by
        ss1_0.id 
    fetch
        first ? rows only
2026-04-25T00:40:52.389+05:30 DEBUG 13708 --- [gadget69-catalog-backend] [io-8081-exec-17] org.hibernate.SQL                        : 
    select
        p1_0.id,
        p1_0.created_at,
        p1_0.default_thumbnail_url,
        p1_0.description,
        p1_0.display_order,
        p1_0.gallery_images,
        p1_0.image_url,
        p1_0.is_best_seller,
        p1_0.is_featured,
        p1_0.is_hero_featured,
        p1_0.is_new_launch,
        p1_0.model_number,
        p1_0.mrp,
        p1_0.name,
        p1_0.offer_flag,
        p1_0.offer_end_date,
        p1_0.offer_price,
        p1_0.offer_start_date,
        p1_0.price,
        p1_0.section_id,
        s1_0.id,
        s1_0.accent_tone,
        s1_0.created_at,
        s1_0.description,
        s1_0.image_url,
        s1_0.is_active,
        s1_0.name,
        s1_0.show_in_explore,
        s1_0.show_in_top_category,
        s1_0.sort_order,
        s1_0.updated_at,
        p1_0.short_description,
        p1_0.slug,
        p1_0.specifications,
        p1_0.status,
        p1_0.stock_quantity,
        p1_0.updated_at,
        p1_0.video_url 
    from
        products p1_0 
    join
        sections s1_0 
            on s1_0.id=p1_0.section_id 
    order by
        p1_0.display_order,
        p1_0.created_at desc
2026-04-25T00:40:52.401+05:30 DEBUG 13708 --- [gadget69-catalog-backend] [nio-8081-exec-1] m.m.a.RequestResponseBodyMethodProcessor : Writing [[BannerResponse[id=1, title=New Gadget Pro Max, desktopImageUrl=https://images.unsplash.com/photo-15 (truncated)...]
2026-04-25T00:40:52.401+05:30 DEBUG 13708 --- [gadget69-catalog-backend] [io-8081-exec-16] m.m.a.RequestResponseBodyMethodProcessor : Writing [[CommunityMediaResponse[id=1, title=Premium Sound Experience, caption=Premium Sound Experience, medi (truncated)...]
2026-04-25T00:40:52.405+05:30 DEBUG 13708 --- [gadget69-catalog-backend] [nio-8081-exec-1] o.s.web.servlet.DispatcherServlet        : Completed 200 OK
2026-04-25T00:40:52.393+05:30 DEBUG 13708 --- [gadget69-catalog-backend] [io-8081-exec-18] org.hibernate.SQL                        : 
    select
        s1_0.id,
        s1_0.accent_tone,
        s1_0.created_at,
        s1_0.description,
        s1_0.image_url,
        s1_0.is_active,
        s1_0.name,
        s1_0.show_in_explore,
        s1_0.show_in_top_category,
        s1_0.sort_order,
        s1_0.updated_at 
    from
        sections s1_0 
    order by
        s1_0.sort_order,
        s1_0.name
2026-04-25T00:40:52.405+05:30 DEBUG 13708 --- [gadget69-catalog-backend] [io-8081-exec-16] o.s.web.servlet.DispatcherServlet        : Completed 200 OK
2026-04-25T00:40:52.410+05:30 DEBUG 13708 --- [gadget69-catalog-backend] [io-8081-exec-19] m.m.a.RequestResponseBodyMethodProcessor : Using 'application/json', given [application/json, text/plain, */*] and supported [application/json, application/*+json]
2026-04-25T00:40:52.413+05:30 DEBUG 13708 --- [gadget69-catalog-backend] [io-8081-exec-17] org.hibernate.SQL                        : 
    select
        v1_0.product_id,
        v1_0.id,
        v1_0.color_name,
        v1_0.created_at,
        v1_0.display_order,
        v1_0.hex_code,
        v1_0.is_default,
        v1_0.price,
        v1_0.price_adjustment,
        v1_0.size,
        v1_0.sku,
        v1_0.stock 
    from
        product_variants v1_0 
    where
        v1_0.product_id=? 
    order by
        v1_0.display_order,
        v1_0.id
2026-04-25T00:40:52.413+05:30 DEBUG 13708 --- [gadget69-catalog-backend] [io-8081-exec-19] m.m.a.RequestResponseBodyMethodProcessor : Writing [SettingsResponse[id=1, siteTitle=Gadget69, metaDescription=Premium electronics crafted for those who (truncated)...]
2026-04-25T00:40:52.415+05:30 DEBUG 13708 --- [gadget69-catalog-backend] [io-8081-exec-17] org.hibernate.SQL                        : 
    select
        m1_0.product_id,
        m1_0.id,
        m1_0.display_order,
        m1_0.is_primary,
        m1_0.media_role,
        m1_0.media_type,
        m1_0.media_url 
    from
        product_media m1_0 
    where
        m1_0.product_id=? 
    order by
        m1_0.display_order,
        m1_0.id
2026-04-25T00:40:52.415+05:30 DEBUG 13708 --- [gadget69-catalog-backend] [io-8081-exec-19] o.s.web.servlet.DispatcherServlet        : Completed 200 OK
2026-04-25T00:40:52.419+05:30 DEBUG 13708 --- [gadget69-catalog-backend] [io-8081-exec-17] org.hibernate.SQL                        : 
    select
        v1_0.product_id,
        v1_0.id,
        v1_0.color_name,
        v1_0.created_at,
        v1_0.display_order,
        v1_0.hex_code,
        v1_0.is_default,
        v1_0.price,
        v1_0.price_adjustment,
        v1_0.size,
        v1_0.sku,
        v1_0.stock 
    from
        product_variants v1_0 
    where
        v1_0.product_id=? 
    order by
        v1_0.display_order,
        v1_0.id
2026-04-25T00:40:52.419+05:30 DEBUG 13708 --- [gadget69-catalog-backend] [io-8081-exec-17] org.hibernate.SQL                        : 
    select
        m1_0.product_id,
        m1_0.id,
        m1_0.display_order,
        m1_0.is_primary,
        m1_0.media_role,
        m1_0.media_type,
        m1_0.media_url 
    from
        product_media m1_0 
    where
        m1_0.product_id=? 
    order by
        m1_0.display_order,
        m1_0.id
2026-04-25T00:40:52.421+05:30 DEBUG 13708 --- [gadget69-catalog-backend] [io-8081-exec-17] org.hibernate.SQL                        : 
    select
        v1_0.product_id,
        v1_0.id,
        v1_0.color_name,
        v1_0.created_at,
        v1_0.display_order,
        v1_0.hex_code,
        v1_0.is_default,
        v1_0.price,
        v1_0.price_adjustment,
        v1_0.size,
        v1_0.sku,
        v1_0.stock 
    from
        product_variants v1_0 
    where
        v1_0.product_id=? 
    order by
        v1_0.display_order,
        v1_0.id
2026-04-25T00:40:52.424+05:30 DEBUG 13708 --- [gadget69-catalog-backend] [io-8081-exec-17] org.hibernate.SQL                        : 
    select
        m1_0.product_id,
        m1_0.id,
        m1_0.display_order,
        m1_0.is_primary,
        m1_0.media_role,
        m1_0.media_type,
        m1_0.media_url 
    from
        product_media m1_0 
    where
        m1_0.product_id=? 
    order by
        m1_0.display_order,
        m1_0.id
2026-04-25T00:40:52.426+05:30 DEBUG 13708 --- [gadget69-catalog-backend] [io-8081-exec-17] m.m.a.RequestResponseBodyMethodProcessor : Using 'application/json', given [application/json, text/plain, */*] and supported [application/json, application/*+json]
2026-04-25T00:40:52.423+05:30 DEBUG 13708 --- [gadget69-catalog-backend] [io-8081-exec-18] m.m.a.RequestResponseBodyMethodProcessor : Using 'application/json', given [application/json, text/plain, */*] and supported [application/json, application/*+json]
2026-04-25T00:40:52.439+05:30 DEBUG 13708 --- [gadget69-catalog-backend] [io-8081-exec-18] m.m.a.RequestResponseBodyMethodProcessor : Writing [[SectionResponse[id=1, name=Smartphones, description=Premium flagship smartphones, imageUrl=https:// (truncated)...]
2026-04-25T00:40:52.441+05:30 DEBUG 13708 --- [gadget69-catalog-backend] [io-8081-exec-18] o.s.web.servlet.DispatcherServlet        : Completed 200 OK
2026-04-25T00:40:52.448+05:30 DEBUG 13708 --- [gadget69-catalog-backend] [io-8081-exec-17] m.m.a.RequestResponseBodyMethodProcessor : Writing [[ProductResponse[id=1, name=Gadget Pro Max, description=Titanium flagship phone with pro-grade camer (truncated)...]
2026-04-25T00:40:52.452+05:30 DEBUG 13708 --- [gadget69-catalog-backend] [io-8081-exec-17] o.s.web.servlet.DispatcherServlet        : Completed 200 OK
2026-04-25T00:40:57.239+05:30 DEBUG 13708 --- [gadget69-catalog-backend] [io-8081-exec-20] o.s.web.servlet.DispatcherServlet        : GET "/uploads/videos/e0a87a15-7c9d-43af-951c-ba09efe6eadf.mp4", parameters={}
2026-04-25T00:40:57.241+05:30 DEBUG 13708 --- [gadget69-catalog-backend] [io-8081-exec-20] o.s.w.s.handler.SimpleUrlHandlerMapping  : Mapped to ResourceHttpRequestHandler [URL [file:/C:/Users/Admin/Downloads/zenith-catalog-glow-main%20(1)/zenith-catalog-glow-main/uploads/]]
2026-04-25T00:40:57.308+05:30 DEBUG 13708 --- [gadget69-catalog-backend] [nio-8081-exec-2] o.s.web.servlet.DispatcherServlet        : GET "/uploads/videos/e0a87a15-7c9d-43af-951c-ba09efe6eadf.mp4", parameters={}
2026-04-25T00:40:57.309+05:30 DEBUG 13708 --- [gadget69-catalog-backend] [nio-8081-exec-2] o.s.w.s.handler.SimpleUrlHandlerMapping  : Mapped to ResourceHttpRequestHandler [URL [file:/C:/Users/Admin/Downloads/zenith-catalog-glow-main%20(1)/zenith-catalog-glow-main/uploads/]]
2026-04-25T00:40:57.320+05:30 DEBUG 13708 --- [gadget69-catalog-backend] [nio-8081-exec-3] o.s.web.servlet.DispatcherServlet        : GET "/uploads/videos/e0a87a15-7c9d-43af-951c-ba09efe6eadf.mp4", parameters={}
2026-04-25T00:40:57.320+05:30 DEBUG 13708 --- [gadget69-catalog-backend] [nio-8081-exec-3] o.s.w.s.handler.SimpleUrlHandlerMapping  : Mapped to ResourceHttpRequestHandler [URL [file:/C:/Users/Admin/Downloads/zenith-catalog-glow-main%20(1)/zenith-catalog-glow-main/uploads/]]
2026-04-25T00:40:57.322+05:30 DEBUG 13708 --- [gadget69-catalog-backend] [nio-8081-exec-2] o.s.web.servlet.DispatcherServlet        : Completed 206 PARTIAL_CONTENT
2026-04-25T00:40:57.332+05:30 DEBUG 13708 --- [gadget69-catalog-backend] [nio-8081-exec-3] o.s.web.servlet.DispatcherServlet        : Completed 206 PARTIAL_CONTENT
2026-04-25T00:40:57.374+05:30 DEBUG 13708 --- [gadget69-catalog-backend] [io-8081-exec-20] o.s.web.servlet.DispatcherServlet        : Completed 206 PARTIAL_CONTENT
2026-04-25T00:40:59.837+05:30 DEBUG 13708 --- [gadget69-catalog-backend] [nio-8081-exec-4] o.s.web.servlet.DispatcherServlet        : POST "/api/admin/login", parameters={}
2026-04-25T00:40:59.837+05:30 DEBUG 13708 --- [gadget69-catalog-backend] [nio-8081-exec-4] s.w.s.m.m.a.RequestMappingHandlerMapping : Mapped to com.gadget69.catalog.controller.AdminCatalogController#login(AdminLoginRequest)
2026-04-25T00:40:59.839+05:30 DEBUG 13708 --- [gadget69-catalog-backend] [nio-8081-exec-4] m.m.a.RequestResponseBodyMethodProcessor : Read "application/json;charset=UTF-8" to [AdminLoginRequest[email=admin@gadget69.com, password=Admin@123]]
2026-04-25T00:40:59.843+05:30 DEBUG 13708 --- [gadget69-catalog-backend] [nio-8081-exec-4] org.hibernate.SQL                        : 
    select
        au1_0.id,
        au1_0.created_at,
        au1_0.email,
        au1_0.name,
        au1_0.password_hash,
        au1_0.token_version 
    from
        admin_users au1_0 
    where
        upper(au1_0.email)=upper(?)
2026-04-25T00:41:00.247+05:30 DEBUG 13708 --- [gadget69-catalog-backend] [nio-8081-exec-4] m.m.a.RequestResponseBodyMethodProcessor : Using 'application/json', given [application/json, text/plain, */*] and supported [application/json, application/*+json]
2026-04-25T00:41:00.249+05:30 DEBUG 13708 --- [gadget69-catalog-backend] [nio-8081-exec-4] m.m.a.RequestResponseBodyMethodProcessor : Writing [AdminLoginResponse[token=MTphZG1pbkBnYWRnZXQ2OS5jb206MTc3NzE0NDI2MDI0MzowOlZpSGQxY3c1RzVIZ0JjZVd6ZXl (truncated)...]
2026-04-25T00:41:00.250+05:30 DEBUG 13708 --- [gadget69-catalog-backend] [nio-8081-exec-4] o.s.web.servlet.DispatcherServlet        : Completed 200 OK
2026-04-25T00:41:00.316+05:30 DEBUG 13708 --- [gadget69-catalog-backend] [nio-8081-exec-6] o.s.web.servlet.DispatcherServlet        : GET "/api/admin/dashboard", parameters={}
2026-04-25T00:41:00.317+05:30 DEBUG 13708 --- [gadget69-catalog-backend] [nio-8081-exec-6] s.w.s.m.m.a.RequestMappingHandlerMapping : Mapped to com.gadget69.catalog.controller.AdminCatalogController#dashboard(HttpServletRequest)
2026-04-25T00:41:00.319+05:30 DEBUG 13708 --- [gadget69-catalog-backend] [nio-8081-exec-6] org.hibernate.SQL                        : 
    select
        au1_0.id,
        au1_0.created_at,
        au1_0.email,
        au1_0.name,
        au1_0.password_hash,
        au1_0.token_version 
    from
        admin_users au1_0 
    where
        au1_0.id=?
2026-04-25T00:41:00.324+05:30 DEBUG 13708 --- [gadget69-catalog-backend] [nio-8081-exec-6] org.hibernate.SQL                        : 
    select
        co1_0.id,
        co1_0.address,
        co1_0.amount_paise,
        co1_0.created_at,
        co1_0.currency,
        co1_0.customer_name,
        co1_0.email,
        co1_0.is_deleted,
        co1_0.last_razorpay_event_id,
        co1_0.order_status,
        co1_0.payment_status,
        co1_0.customer_phone,
        co1_0.pincode,
        co1_0.razorpay_order_id,
        co1_0.razorpay_payment_id,
        co1_0.razorpay_signature,
        co1_0.total_amount,
        co1_0.updated_at 
    from
        customer_orders co1_0 
    where
        not(co1_0.is_deleted) 
    order by
        co1_0.created_at desc
2026-04-25T00:41:00.335+05:30 DEBUG 13708 --- [gadget69-catalog-backend] [nio-8081-exec-6] org.hibernate.SQL                        : 
    select
        i1_0.order_id,
        i1_0.id,
        i1_0.price,
        i1_0.product_id,
        i1_0.product_name,
        i1_0.quantity,
        i1_0.variant_color,
        i1_0.variant_id,
        i1_0.variant_size 
    from
        order_items i1_0 
    where
        i1_0.order_id=? 
    order by
        i1_0.id
2026-04-25T00:41:00.335+05:30 DEBUG 13708 --- [gadget69-catalog-backend] [nio-8081-exec-6] org.hibernate.SQL                        : 
    select
        i1_0.order_id,
        i1_0.id,
        i1_0.price,
        i1_0.product_id,
        i1_0.product_name,
        i1_0.quantity,
        i1_0.variant_color,
        i1_0.variant_id,
        i1_0.variant_size 
    from
        order_items i1_0 
    where
        i1_0.order_id=? 
    order by
        i1_0.id
2026-04-25T00:41:00.338+05:30 DEBUG 13708 --- [gadget69-catalog-backend] [nio-8081-exec-6] org.hibernate.SQL                        : 
    select
        i1_0.order_id,
        i1_0.id,
        i1_0.price,
        i1_0.product_id,
        i1_0.product_name,
        i1_0.quantity,
        i1_0.variant_color,
        i1_0.variant_id,
        i1_0.variant_size 
    from
        order_items i1_0 
    where
        i1_0.order_id=? 
    order by
        i1_0.id
2026-04-25T00:41:00.340+05:30 DEBUG 13708 --- [gadget69-catalog-backend] [nio-8081-exec-6] org.hibernate.SQL                        : 
    select
        count(*) 
    from
        products p1_0
2026-04-25T00:41:00.342+05:30 DEBUG 13708 --- [gadget69-catalog-backend] [nio-8081-exec-6] org.hibernate.SQL                        : 
    select
        count(*) 
    from
        sections s1_0
2026-04-25T00:41:00.349+05:30 DEBUG 13708 --- [gadget69-catalog-backend] [nio-8081-exec-6] org.hibernate.SQL                        : 
    select
        count(*) 
    from
        banners b1_0
2026-04-25T00:41:00.355+05:30 DEBUG 13708 --- [gadget69-catalog-backend] [nio-8081-exec-6] org.hibernate.SQL                        : 
    select
        count(*) 
    from
        community_media cm1_0
2026-04-25T00:41:00.357+05:30 DEBUG 13708 --- [gadget69-catalog-backend] [nio-8081-exec-6] m.m.a.RequestResponseBodyMethodProcessor : Using 'application/json', given [application/json, text/plain, */*] and supported [application/json, application/*+json]
2026-04-25T00:41:00.359+05:30 DEBUG 13708 --- [gadget69-catalog-backend] [nio-8081-exec-6] m.m.a.RequestResponseBodyMethodProcessor : Writing [DashboardStatsResponse[totalOrders=3, paidOrders=0, totalRevenue=0, conversionRate=0.00, totalProduc (truncated)...]
2026-04-25T00:41:00.359+05:30 DEBUG 13708 --- [gadget69-catalog-backend] [nio-8081-exec-6] o.s.web.servlet.DispatcherServlet        : Completed 200 OK
2026-04-25T00:41:00.384+05:30 DEBUG 13708 --- [gadget69-catalog-backend] [nio-8081-exec-7] o.s.web.servlet.DispatcherServlet        : GET "/api/admin/settings", parameters={}
2026-04-25T00:41:00.384+05:30 DEBUG 13708 --- [gadget69-catalog-backend] [nio-8081-exec-7] s.w.s.m.m.a.RequestMappingHandlerMapping : Mapped to com.gadget69.catalog.controller.AdminCatalogController#adminSettings(HttpServletRequest)
2026-04-25T00:41:00.387+05:30 DEBUG 13708 --- [gadget69-catalog-backend] [nio-8081-exec-7] org.hibernate.SQL                        : 
    select
        au1_0.id,
        au1_0.created_at,
        au1_0.email,
        au1_0.name,
        au1_0.password_hash,
        au1_0.token_version 
    from
        admin_users au1_0 
    where
        au1_0.id=?
2026-04-25T00:41:00.392+05:30 DEBUG 13708 --- [gadget69-catalog-backend] [nio-8081-exec-7] org.hibernate.SQL                        : 
    select
        ss1_0.id,
        ss1_0.announcement_items,
        ss1_0.catalogue_url,
        ss1_0.contact_url,
        ss1_0.created_at,
        ss1_0.favicon_url,
        ss1_0.footer_text,
        ss1_0.instagram_url,
        ss1_0.logo_url,
        ss1_0.meta_description,
        ss1_0.shop_phone,
        ss1_0.site_title,
        ss1_0.support_email,
        ss1_0.updated_at,
        ss1_0.whatsapp_number 
    from
        store_settings ss1_0 
    order by
        ss1_0.id 
    fetch
        first ? rows only
2026-04-25T00:41:00.397+05:30 DEBUG 13708 --- [gadget69-catalog-backend] [nio-8081-exec-7] m.m.a.RequestResponseBodyMethodProcessor : Using 'application/json', given [application/json, text/plain, */*] and supported [application/json, application/*+json]
2026-04-25T00:41:00.398+05:30 DEBUG 13708 --- [gadget69-catalog-backend] [nio-8081-exec-7] m.m.a.RequestResponseBodyMethodProcessor : Writing [SettingsResponse[id=1, siteTitle=Gadget69, metaDescription=Premium electronics crafted for those who (truncated)...]
2026-04-25T00:41:00.399+05:30 DEBUG 13708 --- [gadget69-catalog-backend] [nio-8081-exec-7] o.s.web.servlet.DispatcherServlet        : Completed 200 OK
2026-04-25T00:41:01.574+05:30 DEBUG 13708 --- [gadget69-catalog-backend] [nio-8081-exec-5] o.s.web.servlet.DispatcherServlet        : GET "/api/admin/orders", parameters={}
2026-04-25T00:41:01.574+05:30 DEBUG 13708 --- [gadget69-catalog-backend] [nio-8081-exec-5] s.w.s.m.m.a.RequestMappingHandlerMapping : Mapped to com.gadget69.catalog.controller.OrderManagementController#getAllOrders(HttpServletRequest, String, String, String, String)
2026-04-25T00:41:01.582+05:30 DEBUG 13708 --- [gadget69-catalog-backend] [nio-8081-exec-5] org.hibernate.SQL                        : 
    select
        au1_0.id,
        au1_0.created_at,
        au1_0.email,
        au1_0.name,
        au1_0.password_hash,
        au1_0.token_version 
    from
        admin_users au1_0 
    where
        au1_0.id=?
2026-04-25T00:41:01.591+05:30 DEBUG 13708 --- [gadget69-catalog-backend] [nio-8081-exec-8] o.s.web.servlet.DispatcherServlet        : GET "/api/admin/products", parameters={}
2026-04-25T00:41:01.591+05:30 DEBUG 13708 --- [gadget69-catalog-backend] [nio-8081-exec-8] s.w.s.m.m.a.RequestMappingHandlerMapping : Mapped to com.gadget69.catalog.controller.AdminCatalogController#adminProducts(HttpServletRequest)
2026-04-25T00:41:01.594+05:30 DEBUG 13708 --- [gadget69-catalog-backend] [nio-8081-exec-8] org.hibernate.SQL                        : 
    select
        au1_0.id,
        au1_0.created_at,
        au1_0.email,
        au1_0.name,
        au1_0.password_hash,
        au1_0.token_version 
    from
        admin_users au1_0 
    where
        au1_0.id=?
2026-04-25T00:41:01.594+05:30 DEBUG 13708 --- [gadget69-catalog-backend] [nio-8081-exec-5] org.hibernate.SQL                        : 
    select
        distinct co1_0.id,
        co1_0.address,
        co1_0.amount_paise,
        co1_0.created_at,
        co1_0.currency,
        co1_0.customer_name,
        co1_0.email,
        co1_0.is_deleted,
        i1_0.order_id,
        i1_0.id,
        i1_0.price,
        i1_0.product_id,
        i1_0.product_name,
        i1_0.quantity,
        i1_0.variant_color,
        i1_0.variant_id,
        i1_0.variant_size,
        co1_0.last_razorpay_event_id,
        co1_0.order_status,
        co1_0.payment_status,
        co1_0.customer_phone,
        co1_0.pincode,
        co1_0.razorpay_order_id,
        co1_0.razorpay_payment_id,
        co1_0.razorpay_signature,
        co1_0.total_amount,
        co1_0.updated_at 
    from
        customer_orders co1_0 
    left join
        order_items i1_0 
            on co1_0.id=i1_0.order_id 
    where
        co1_0.is_deleted=false 
        and (
            ? is null 
            or co1_0.order_status in (?)
        ) 
        and (
            ? is null 
            or co1_0.payment_status in (?)
        ) 
        and (
            ? is null 
            or co1_0.created_at>=?
        ) 
        and (
            ? is null 
            or co1_0.created_at<?
        ) 
    order by
        co1_0.created_at desc,
        i1_0.id
2026-04-25T00:41:01.604+05:30  INFO 13708 --- [gadget69-catalog-backend] [nio-8081-exec-5] c.g.c.c.OrderManagementController        : Admin orders loaded requestId=2303c3df-2aba-4cd6-93d9-c4947817f6ad adminId=1 filters={orderStatus=null,paymentStatus=null,fromDate=null,toDate=null} total=3
2026-04-25T00:41:01.606+05:30 DEBUG 13708 --- [gadget69-catalog-backend] [nio-8081-exec-5] o.s.w.s.m.m.a.HttpEntityMethodProcessor  : Using 'application/json', given [application/json, text/plain, */*] and supported [application/json, application/*+json]
2026-04-25T00:41:01.607+05:30 DEBUG 13708 --- [gadget69-catalog-backend] [nio-8081-exec-5] o.s.w.s.m.m.a.HttpEntityMethodProcessor  : Writing [AdminOrdersResponse[items=[OrderResponse[id=3, customerName=Browser Test User, phone=9876543210, ema (truncated)...]
2026-04-25T00:41:01.607+05:30 DEBUG 13708 --- [gadget69-catalog-backend] [nio-8081-exec-8] org.hibernate.SQL                        : 
    select
        p1_0.id,
        p1_0.created_at,
        p1_0.default_thumbnail_url,
        p1_0.description,
        p1_0.display_order,
        p1_0.gallery_images,
        p1_0.image_url,
        p1_0.is_best_seller,
        p1_0.is_featured,
        p1_0.is_hero_featured,
        p1_0.is_new_launch,
        p1_0.model_number,
        p1_0.mrp,
        p1_0.name,
        p1_0.offer_flag,
        p1_0.offer_end_date,
        p1_0.offer_price,
        p1_0.offer_start_date,
        p1_0.price,
        p1_0.section_id,
        s1_0.id,
        s1_0.accent_tone,
        s1_0.created_at,
        s1_0.description,
        s1_0.image_url,
        s1_0.is_active,
        s1_0.name,
        s1_0.show_in_explore,
        s1_0.show_in_top_category,
        s1_0.sort_order,
        s1_0.updated_at,
        p1_0.short_description,
        p1_0.slug,
        p1_0.specifications,
        p1_0.status,
        p1_0.stock_quantity,
        p1_0.updated_at,
        p1_0.video_url 
    from
        products p1_0 
    join
        sections s1_0 
            on s1_0.id=p1_0.section_id 
    order by
        p1_0.display_order,
        p1_0.created_at desc
2026-04-25T00:41:01.609+05:30 DEBUG 13708 --- [gadget69-catalog-backend] [nio-8081-exec-5] o.s.web.servlet.DispatcherServlet        : Completed 200 OK
2026-04-25T00:41:01.620+05:30 DEBUG 13708 --- [gadget69-catalog-backend] [nio-8081-exec-8] org.hibernate.SQL                        : 
    select
        v1_0.product_id,
        v1_0.id,
        v1_0.color_name,
        v1_0.created_at,
        v1_0.display_order,
        v1_0.hex_code,
        v1_0.is_default,
        v1_0.price,
        v1_0.price_adjustment,
        v1_0.size,
        v1_0.sku,
        v1_0.stock 
    from
        product_variants v1_0 
    where
        v1_0.product_id=? 
    order by
        v1_0.display_order,
        v1_0.id
2026-04-25T00:41:01.621+05:30 DEBUG 13708 --- [gadget69-catalog-backend] [nio-8081-exec-8] org.hibernate.SQL                        : 
    select
        m1_0.product_id,
        m1_0.id,
        m1_0.display_order,
        m1_0.is_primary,
        m1_0.media_role,
        m1_0.media_type,
        m1_0.media_url 
    from
        product_media m1_0 
    where
        m1_0.product_id=? 
    order by
        m1_0.display_order,
        m1_0.id
2026-04-25T00:41:01.623+05:30 DEBUG 13708 --- [gadget69-catalog-backend] [nio-8081-exec-8] org.hibernate.SQL                        : 
    select
        v1_0.product_id,
        v1_0.id,
        v1_0.color_name,
        v1_0.created_at,
        v1_0.display_order,
        v1_0.hex_code,
        v1_0.is_default,
        v1_0.price,
        v1_0.price_adjustment,
        v1_0.size,
        v1_0.sku,
        v1_0.stock 
    from
        product_variants v1_0 
    where
        v1_0.product_id=? 
    order by
        v1_0.display_order,
        v1_0.id
2026-04-25T00:41:01.625+05:30 DEBUG 13708 --- [gadget69-catalog-backend] [nio-8081-exec-8] org.hibernate.SQL                        : 
    select
        m1_0.product_id,
        m1_0.id,
        m1_0.display_order,
        m1_0.is_primary,
        m1_0.media_role,
        m1_0.media_type,
        m1_0.media_url 
    from
        product_media m1_0 
    where
        m1_0.product_id=? 
    order by
        m1_0.display_order,
        m1_0.id
2026-04-25T00:41:01.631+05:30 DEBUG 13708 --- [gadget69-catalog-backend] [nio-8081-exec-8] org.hibernate.SQL                        : 
    select
        v1_0.product_id,
        v1_0.id,
        v1_0.color_name,
        v1_0.created_at,
        v1_0.display_order,
        v1_0.hex_code,
        v1_0.is_default,
        v1_0.price,
        v1_0.price_adjustment,
        v1_0.size,
        v1_0.sku,
        v1_0.stock 
    from
        product_variants v1_0 
    where
        v1_0.product_id=? 
    order by
        v1_0.display_order,
        v1_0.id
2026-04-25T00:41:01.631+05:30 DEBUG 13708 --- [gadget69-catalog-backend] [nio-8081-exec-8] org.hibernate.SQL                        : 
    select
        m1_0.product_id,
        m1_0.id,
        m1_0.display_order,
        m1_0.is_primary,
        m1_0.media_role,
        m1_0.media_type,
        m1_0.media_url 
    from
        product_media m1_0 
    where
        m1_0.product_id=? 
    order by
        m1_0.display_order,
        m1_0.id
2026-04-25T00:41:01.634+05:30 DEBUG 13708 --- [gadget69-catalog-backend] [nio-8081-exec-8] m.m.a.RequestResponseBodyMethodProcessor : Using 'application/json', given [application/json, text/plain, */*] and supported [application/json, application/*+json]
2026-04-25T00:41:01.636+05:30 DEBUG 13708 --- [gadget69-catalog-backend] [nio-8081-exec-8] m.m.a.RequestResponseBodyMethodProcessor : Writing [[ProductResponse[id=1, name=Gadget Pro Max, description=Titanium flagship phone with pro-grade camer (truncated)...]
2026-04-25T00:41:01.638+05:30 DEBUG 13708 --- [gadget69-catalog-backend] [nio-8081-exec-8] o.s.web.servlet.DispatcherServlet        : Completed 200 OK
2026-04-25T00:41:03.662+05:30 DEBUG 13708 --- [gadget69-catalog-backend] [io-8081-exec-10] o.s.web.servlet.DispatcherServlet        : GET "/api/products", parameters={}
2026-04-25T00:41:03.663+05:30 DEBUG 13708 --- [gadget69-catalog-backend] [io-8081-exec-10] s.w.s.m.m.a.RequestMappingHandlerMapping : Mapped to com.gadget69.catalog.controller.PublicCatalogController#products()
2026-04-25T00:41:03.668+05:30 DEBUG 13708 --- [gadget69-catalog-backend] [io-8081-exec-10] org.hibernate.SQL                        : 
    select
        p1_0.id,
        p1_0.created_at,
        p1_0.default_thumbnail_url,
        p1_0.description,
        p1_0.display_order,
        p1_0.gallery_images,
        p1_0.image_url,
        p1_0.is_best_seller,
        p1_0.is_featured,
        p1_0.is_hero_featured,
        p1_0.is_new_launch,
        p1_0.model_number,
        p1_0.mrp,
        p1_0.name,
        p1_0.offer_flag,
        p1_0.offer_end_date,
        p1_0.offer_price,
        p1_0.offer_start_date,
        p1_0.price,
        p1_0.section_id,
        s1_0.id,
        s1_0.accent_tone,
        s1_0.created_at,
        s1_0.description,
        s1_0.image_url,
        s1_0.is_active,
        s1_0.name,
        s1_0.show_in_explore,
        s1_0.show_in_top_category,
        s1_0.sort_order,
        s1_0.updated_at,
        p1_0.short_description,
        p1_0.slug,
        p1_0.specifications,
        p1_0.status,
        p1_0.stock_quantity,
        p1_0.updated_at,
        p1_0.video_url 
    from
        products p1_0 
    join
        sections s1_0 
            on s1_0.id=p1_0.section_id 
    order by
        p1_0.display_order,
        p1_0.created_at desc
2026-04-25T00:41:03.677+05:30 DEBUG 13708 --- [gadget69-catalog-backend] [io-8081-exec-10] org.hibernate.SQL                        : 
    select
        v1_0.product_id,
        v1_0.id,
        v1_0.color_name,
        v1_0.created_at,
        v1_0.display_order,
        v1_0.hex_code,
        v1_0.is_default,
        v1_0.price,
        v1_0.price_adjustment,
        v1_0.size,
        v1_0.sku,
        v1_0.stock 
    from
        product_variants v1_0 
    where
        v1_0.product_id=? 
    order by
        v1_0.display_order,
        v1_0.id
2026-04-25T00:41:03.681+05:30 DEBUG 13708 --- [gadget69-catalog-backend] [io-8081-exec-10] org.hibernate.SQL                        : 
    select
        m1_0.product_id,
        m1_0.id,
        m1_0.display_order,
        m1_0.is_primary,
        m1_0.media_role,
        m1_0.media_type,
        m1_0.media_url 
    from
        product_media m1_0 
    where
        m1_0.product_id=? 
    order by
        m1_0.display_order,
        m1_0.id
2026-04-25T00:41:03.682+05:30 DEBUG 13708 --- [gadget69-catalog-backend] [io-8081-exec-10] org.hibernate.SQL                        : 
    select
        v1_0.product_id,
        v1_0.id,
        v1_0.color_name,
        v1_0.created_at,
        v1_0.display_order,
        v1_0.hex_code,
        v1_0.is_default,
        v1_0.price,
        v1_0.price_adjustment,
        v1_0.size,
        v1_0.sku,
        v1_0.stock 
    from
        product_variants v1_0 
    where
        v1_0.product_id=? 
    order by
        v1_0.display_order,
        v1_0.id
2026-04-25T00:41:03.685+05:30 DEBUG 13708 --- [gadget69-catalog-backend] [io-8081-exec-10] org.hibernate.SQL                        : 
    select
        m1_0.product_id,
        m1_0.id,
        m1_0.display_order,
        m1_0.is_primary,
        m1_0.media_role,
        m1_0.media_type,
        m1_0.media_url 
    from
        product_media m1_0 
    where
        m1_0.product_id=? 
    order by
        m1_0.display_order,
        m1_0.id
2026-04-25T00:41:03.688+05:30 DEBUG 13708 --- [gadget69-catalog-backend] [io-8081-exec-10] org.hibernate.SQL                        : 
    select
        v1_0.product_id,
        v1_0.id,
        v1_0.color_name,
        v1_0.created_at,
        v1_0.display_order,
        v1_0.hex_code,
        v1_0.is_default,
        v1_0.price,
        v1_0.price_adjustment,
        v1_0.size,
        v1_0.sku,
        v1_0.stock 
    from
        product_variants v1_0 
    where
        v1_0.product_id=? 
    order by
        v1_0.display_order,
        v1_0.id
2026-04-25T00:41:03.689+05:30 DEBUG 13708 --- [gadget69-catalog-backend] [io-8081-exec-10] org.hibernate.SQL                        : 
    select
        m1_0.product_id,
        m1_0.id,
        m1_0.display_order,
        m1_0.is_primary,
        m1_0.media_role,
        m1_0.media_type,
        m1_0.media_url 
    from
        product_media m1_0 
    where
        m1_0.product_id=? 
    order by
        m1_0.display_order,
        m1_0.id
2026-04-25T00:41:03.698+05:30 DEBUG 13708 --- [gadget69-catalog-backend] [io-8081-exec-10] m.m.a.RequestResponseBodyMethodProcessor : Using 'application/json', given [*/*] and supported [application/json, application/*+json]
2026-04-25T00:41:03.698+05:30 DEBUG 13708 --- [gadget69-catalog-backend] [io-8081-exec-10] m.m.a.RequestResponseBodyMethodProcessor : Writing [[ProductResponse[id=1, name=Gadget Pro Max, description=Titanium flagship phone with pro-grade camer (truncated)...]
2026-04-25T00:41:03.698+05:30 DEBUG 13708 --- [gadget69-catalog-backend] [io-8081-exec-10] o.s.web.servlet.DispatcherServlet        : Completed 200 OK
2026-04-25T00:41:04.567+05:30 DEBUG 13708 --- [gadget69-catalog-backend] [io-8081-exec-11] o.s.web.servlet.DispatcherServlet        : POST "/api/admin/login", parameters={}
2026-04-25T00:41:04.568+05:30 DEBUG 13708 --- [gadget69-catalog-backend] [io-8081-exec-11] s.w.s.m.m.a.RequestMappingHandlerMapping : Mapped to com.gadget69.catalog.controller.AdminCatalogController#login(AdminLoginRequest)
2026-04-25T00:41:04.570+05:30 DEBUG 13708 --- [gadget69-catalog-backend] [io-8081-exec-11] m.m.a.RequestResponseBodyMethodProcessor : Read "application/json;charset=UTF-8" to [AdminLoginRequest[email=admin@gadget69.com, password=Admin@123]]
2026-04-25T00:41:04.573+05:30 DEBUG 13708 --- [gadget69-catalog-backend] [io-8081-exec-11] org.hibernate.SQL                        : 
    select
        au1_0.id,
        au1_0.created_at,
        au1_0.email,
        au1_0.name,
        au1_0.password_hash,
        au1_0.token_version 
    from
        admin_users au1_0 
    where
        upper(au1_0.email)=upper(?)
2026-04-25T00:41:04.732+05:30 DEBUG 13708 --- [gadget69-catalog-backend] [io-8081-exec-11] m.m.a.RequestResponseBodyMethodProcessor : Using 'application/json', given [application/json, text/plain, */*] and supported [application/json, application/*+json]
2026-04-25T00:41:04.734+05:30 DEBUG 13708 --- [gadget69-catalog-backend] [io-8081-exec-11] m.m.a.RequestResponseBodyMethodProcessor : Writing [AdminLoginResponse[token=MTphZG1pbkBnYWRnZXQ2OS5jb206MTc3NzE0NDI2NDczMjowOlpzTUc5ZF83V2pjUEl1UVI3TWx (truncated)...]
2026-04-25T00:41:04.737+05:30 DEBUG 13708 --- [gadget69-catalog-backend] [io-8081-exec-11] o.s.web.servlet.DispatcherServlet        : Completed 200 OK
2026-04-25T00:57:29.187+05:30 DEBUG 13708 --- [gadget69-catalog-backend] [io-8081-exec-19] o.s.web.servlet.DispatcherServlet        : GET "/api/storefront/bootstrap", parameters={}
2026-04-25T00:57:29.191+05:30 DEBUG 13708 --- [gadget69-catalog-backend] [io-8081-exec-19] o.s.w.s.handler.SimpleUrlHandlerMapping  : Mapped to ResourceHttpRequestHandler [classpath [META-INF/resources/], classpath [resources/], classpath [static/], classpath [public/], ServletContext [/]]
2026-04-25T00:57:29.199+05:30 DEBUG 13708 --- [gadget69-catalog-backend] [io-8081-exec-19] o.s.w.s.r.ResourceHttpRequestHandler     : Resource not found
2026-04-25T00:57:29.201+05:30 DEBUG 13708 --- [gadget69-catalog-backend] [io-8081-exec-19] .m.m.a.ExceptionHandlerExceptionResolver : Using @ExceptionHandler com.gadget69.catalog.controller.ApiExceptionHandler#handleNoResourceFound(NoResourceFoundException, HttpServletRequest, HttpServletResponse)
2026-04-25T00:57:29.203+05:30 DEBUG 13708 --- [gadget69-catalog-backend] [io-8081-exec-19] o.s.w.s.m.m.a.HttpEntityMethodProcessor  : Using 'application/json', given [application/json, text/plain, */*] and supported [application/json, application/*+json]
2026-04-25T00:57:29.205+05:30 DEBUG 13708 --- [gadget69-catalog-backend] [io-8081-exec-19] o.s.w.s.m.m.a.HttpEntityMethodProcessor  : Writing [ApiErrorResponse[code=NOT_FOUND, message=Resource not found, requestId=a108d11d-b310-4e4e-b08f-11dbc (truncated)...]
2026-04-25T00:57:29.208+05:30 DEBUG 13708 --- [gadget69-catalog-backend] [io-8081-exec-19] .m.m.a.ExceptionHandlerExceptionResolver : Resolved [org.springframework.web.servlet.resource.NoResourceFoundException: No static resource api/storefront/bootstrap.]
2026-04-25T00:57:29.209+05:30 DEBUG 13708 --- [gadget69-catalog-backend] [io-8081-exec-19] o.s.web.servlet.DispatcherServlet        : Completed 404 NOT_FOUND
2026-04-25T00:57:29.316+05:30 DEBUG 13708 --- [gadget69-catalog-backend] [io-8081-exec-18] o.s.web.servlet.DispatcherServlet        : GET "/api/sections", parameters={}
2026-04-25T00:57:29.317+05:30 DEBUG 13708 --- [gadget69-catalog-backend] [io-8081-exec-18] s.w.s.m.m.a.RequestMappingHandlerMapping : Mapped to com.gadget69.catalog.controller.PublicCatalogController#sections()
2026-04-25T00:57:29.324+05:30 DEBUG 13708 --- [gadget69-catalog-backend] [io-8081-exec-18] org.hibernate.SQL                        : 
    select
        s1_0.id,
        s1_0.accent_tone,
        s1_0.created_at,
        s1_0.description,
        s1_0.image_url,
        s1_0.is_active,
        s1_0.name,
        s1_0.show_in_explore,
        s1_0.show_in_top_category,
        s1_0.sort_order,
        s1_0.updated_at 
    from
        sections s1_0 
    order by
        s1_0.sort_order,
        s1_0.name
2026-04-25T00:57:29.331+05:30 DEBUG 13708 --- [gadget69-catalog-backend] [io-8081-exec-17] o.s.web.servlet.DispatcherServlet        : GET "/api/products", parameters={}
2026-04-25T00:57:29.331+05:30 DEBUG 13708 --- [gadget69-catalog-backend] [nio-8081-exec-2] o.s.web.servlet.DispatcherServlet        : GET "/api/banners", parameters={}
2026-04-25T00:57:29.332+05:30 DEBUG 13708 --- [gadget69-catalog-backend] [io-8081-exec-17] s.w.s.m.m.a.RequestMappingHandlerMapping : Mapped to com.gadget69.catalog.controller.PublicCatalogController#products()
2026-04-25T00:57:29.334+05:30 DEBUG 13708 --- [gadget69-catalog-backend] [nio-8081-exec-2] s.w.s.m.m.a.RequestMappingHandlerMapping : Mapped to com.gadget69.catalog.controller.PublicCatalogController#banners()
2026-04-25T00:57:29.338+05:30 DEBUG 13708 --- [gadget69-catalog-backend] [nio-8081-exec-2] org.hibernate.SQL                        : 
    select
        b1_0.id,
        b1_0.created_at,
        b1_0.cta_link,
        b1_0.cta_text,
        b1_0.desktop_image_url,
        b1_0.display_order,
        b1_0.is_active,
        b1_0.linked_product_id,
        b1_0.mobile_image_url,
        b1_0.title,
        b1_0.updated_at 
    from
        banners b1_0 
    where
        b1_0.is_active 
    order by
        b1_0.display_order,
        b1_0.id
2026-04-25T00:57:29.342+05:30 DEBUG 13708 --- [gadget69-catalog-backend] [io-8081-exec-18] m.m.a.RequestResponseBodyMethodProcessor : Using 'application/json', given [application/json, text/plain, */*] and supported [application/json, application/*+json]
2026-04-25T00:57:29.343+05:30 DEBUG 13708 --- [gadget69-catalog-backend] [io-8081-exec-17] org.hibernate.SQL                        : 
    select
        p1_0.id,
        p1_0.created_at,
        p1_0.default_thumbnail_url,
        p1_0.description,
        p1_0.display_order,
        p1_0.gallery_images,
        p1_0.image_url,
        p1_0.is_best_seller,
        p1_0.is_featured,
        p1_0.is_hero_featured,
        p1_0.is_new_launch,
        p1_0.model_number,
        p1_0.mrp,
        p1_0.name,
        p1_0.offer_flag,
        p1_0.offer_end_date,
        p1_0.offer_price,
        p1_0.offer_start_date,
        p1_0.price,
        p1_0.section_id,
        s1_0.id,
        s1_0.accent_tone,
        s1_0.created_at,
        s1_0.description,
        s1_0.image_url,
        s1_0.is_active,
        s1_0.name,
        s1_0.show_in_explore,
        s1_0.show_in_top_category,
        s1_0.sort_order,
        s1_0.updated_at,
        p1_0.short_description,
        p1_0.slug,
        p1_0.specifications,
        p1_0.status,
        p1_0.stock_quantity,
        p1_0.updated_at,
        p1_0.video_url 
    from
        products p1_0 
    join
        sections s1_0 
            on s1_0.id=p1_0.section_id 
    order by
        p1_0.display_order,
        p1_0.created_at desc
2026-04-25T00:57:29.344+05:30 DEBUG 13708 --- [gadget69-catalog-backend] [nio-8081-exec-3] o.s.web.servlet.DispatcherServlet        : GET "/api/settings", parameters={}
2026-04-25T00:57:29.346+05:30 DEBUG 13708 --- [gadget69-catalog-backend] [nio-8081-exec-3] s.w.s.m.m.a.RequestMappingHandlerMapping : Mapped to com.gadget69.catalog.controller.PublicCatalogController#settings()
2026-04-25T00:57:29.349+05:30 DEBUG 13708 --- [gadget69-catalog-backend] [io-8081-exec-18] m.m.a.RequestResponseBodyMethodProcessor : Writing [[SectionResponse[id=1, name=Smartphones, description=Premium flagship smartphones, imageUrl=https:// (truncated)...]
2026-04-25T00:57:29.351+05:30 DEBUG 13708 --- [gadget69-catalog-backend] [io-8081-exec-18] o.s.web.servlet.DispatcherServlet        : Completed 200 OK
2026-04-25T00:57:29.356+05:30 DEBUG 13708 --- [gadget69-catalog-backend] [nio-8081-exec-2] m.m.a.RequestResponseBodyMethodProcessor : Using 'application/json', given [application/json, text/plain, */*] and supported [application/json, application/*+json]
2026-04-25T00:57:29.356+05:30 DEBUG 13708 --- [gadget69-catalog-backend] [nio-8081-exec-3] org.hibernate.SQL                        : 
    select
        ss1_0.id,
        ss1_0.announcement_items,
        ss1_0.catalogue_url,
        ss1_0.contact_url,
        ss1_0.created_at,
        ss1_0.favicon_url,
        ss1_0.footer_text,
        ss1_0.instagram_url,
        ss1_0.logo_url,
        ss1_0.meta_description,
        ss1_0.shop_phone,
        ss1_0.site_title,
        ss1_0.support_email,
        ss1_0.updated_at,
        ss1_0.whatsapp_number 
    from
        store_settings ss1_0 
    order by
        ss1_0.id 
    fetch
        first ? rows only
2026-04-25T00:57:29.357+05:30 DEBUG 13708 --- [gadget69-catalog-backend] [nio-8081-exec-2] m.m.a.RequestResponseBodyMethodProcessor : Writing [[BannerResponse[id=1, title=New Gadget Pro Max, desktopImageUrl=https://images.unsplash.com/photo-15 (truncated)...]
2026-04-25T00:57:29.359+05:30 DEBUG 13708 --- [gadget69-catalog-backend] [nio-8081-exec-2] o.s.web.servlet.DispatcherServlet        : Completed 200 OK
2026-04-25T00:57:29.362+05:30 DEBUG 13708 --- [gadget69-catalog-backend] [nio-8081-exec-3] m.m.a.RequestResponseBodyMethodProcessor : Using 'application/json', given [application/json, text/plain, */*] and supported [application/json, application/*+json]
2026-04-25T00:57:29.362+05:30 DEBUG 13708 --- [gadget69-catalog-backend] [io-8081-exec-17] org.hibernate.SQL                        : 
    select
        v1_0.product_id,
        v1_0.id,
        v1_0.color_name,
        v1_0.created_at,
        v1_0.display_order,
        v1_0.hex_code,
        v1_0.is_default,
        v1_0.price,
        v1_0.price_adjustment,
        v1_0.size,
        v1_0.sku,
        v1_0.stock 
    from
        product_variants v1_0 
    where
        v1_0.product_id=? 
    order by
        v1_0.display_order,
        v1_0.id
2026-04-25T00:57:29.363+05:30 DEBUG 13708 --- [gadget69-catalog-backend] [nio-8081-exec-3] m.m.a.RequestResponseBodyMethodProcessor : Writing [SettingsResponse[id=1, siteTitle=Gadget69, metaDescription=Premium electronics crafted for those who (truncated)...]
2026-04-25T00:57:29.365+05:30 DEBUG 13708 --- [gadget69-catalog-backend] [io-8081-exec-17] org.hibernate.SQL                        : 
    select
        m1_0.product_id,
        m1_0.id,
        m1_0.display_order,
        m1_0.is_primary,
        m1_0.media_role,
        m1_0.media_type,
        m1_0.media_url 
    from
        product_media m1_0 
    where
        m1_0.product_id=? 
    order by
        m1_0.display_order,
        m1_0.id
2026-04-25T00:57:29.367+05:30 DEBUG 13708 --- [gadget69-catalog-backend] [nio-8081-exec-3] o.s.web.servlet.DispatcherServlet        : Completed 200 OK
2026-04-25T00:57:29.372+05:30 DEBUG 13708 --- [gadget69-catalog-backend] [io-8081-exec-17] org.hibernate.SQL                        : 
    select
        v1_0.product_id,
        v1_0.id,
        v1_0.color_name,
        v1_0.created_at,
        v1_0.display_order,
        v1_0.hex_code,
        v1_0.is_default,
        v1_0.price,
        v1_0.price_adjustment,
        v1_0.size,
        v1_0.sku,
        v1_0.stock 
    from
        product_variants v1_0 
    where
        v1_0.product_id=? 
    order by
        v1_0.display_order,
        v1_0.id
2026-04-25T00:57:29.375+05:30 DEBUG 13708 --- [gadget69-catalog-backend] [io-8081-exec-17] org.hibernate.SQL                        : 
    select
        m1_0.product_id,
        m1_0.id,
        m1_0.display_order,
        m1_0.is_primary,
        m1_0.media_role,
        m1_0.media_type,
        m1_0.media_url 
    from
        product_media m1_0 
    where
        m1_0.product_id=? 
    order by
        m1_0.display_order,
        m1_0.id
2026-04-25T00:57:29.378+05:30 DEBUG 13708 --- [gadget69-catalog-backend] [io-8081-exec-17] org.hibernate.SQL                        : 
    select
        v1_0.product_id,
        v1_0.id,
        v1_0.color_name,
        v1_0.created_at,
        v1_0.display_order,
        v1_0.hex_code,
        v1_0.is_default,
        v1_0.price,
        v1_0.price_adjustment,
        v1_0.size,
        v1_0.sku,
        v1_0.stock 
    from
        product_variants v1_0 
    where
        v1_0.product_id=? 
    order by
        v1_0.display_order,
        v1_0.id
2026-04-25T00:57:29.380+05:30 DEBUG 13708 --- [gadget69-catalog-backend] [io-8081-exec-17] org.hibernate.SQL                        : 
    select
        m1_0.product_id,
        m1_0.id,
        m1_0.display_order,
        m1_0.is_primary,
        m1_0.media_role,
        m1_0.media_type,
        m1_0.media_url 
    from
        product_media m1_0 
    where
        m1_0.product_id=? 
    order by
        m1_0.display_order,
        m1_0.id
2026-04-25T00:57:29.385+05:30 DEBUG 13708 --- [gadget69-catalog-backend] [io-8081-exec-17] m.m.a.RequestResponseBodyMethodProcessor : Using 'application/json', given [application/json, text/plain, */*] and supported [application/json, application/*+json]
2026-04-25T00:57:29.386+05:30 DEBUG 13708 --- [gadget69-catalog-backend] [io-8081-exec-17] m.m.a.RequestResponseBodyMethodProcessor : Writing [[ProductResponse[id=1, name=Gadget Pro Max, description=Titanium flagship phone with pro-grade camer (truncated)...]
2026-04-25T00:57:29.398+05:30 DEBUG 13708 --- [gadget69-catalog-backend] [io-8081-exec-17] o.s.web.servlet.DispatcherServlet        : Completed 200 OK
2026-04-25T00:59:39.108+05:30  WARN 13708 --- [gadget69-catalog-backend] [l-1:housekeeper] com.zaxxer.hikari.pool.HikariPool        : HikariPool-1 - Thread starvation or clock leap detected (housekeeper delta=2m46s847ms547µs300ns).
2026-04-25T00:59:58.714+05:30 DEBUG 13708 --- [gadget69-catalog-backend] [io-8081-exec-20] o.s.web.servlet.DispatcherServlet        : GET "/api/community-media", parameters={}
2026-04-25T00:59:58.721+05:30 DEBUG 13708 --- [gadget69-catalog-backend] [io-8081-exec-20] s.w.s.m.m.a.RequestMappingHandlerMapping : Mapped to com.gadget69.catalog.controller.PublicCatalogController#communityMedia()
2026-04-25T00:59:58.724+05:30 DEBUG 13708 --- [gadget69-catalog-backend] [io-8081-exec-20] org.hibernate.SQL                        : 
    select
        cm1_0.id,
        cm1_0.action_link,
        cm1_0.caption,
        cm1_0.created_at,
        cm1_0.display_order,
        cm1_0.image_url,
        cm1_0.is_active,
        cm1_0.media_type,
        cm1_0.thumbnail_url,
        cm1_0.title,
        cm1_0.updated_at,
        cm1_0.video_duration,
        cm1_0.video_height,
        cm1_0.video_public_id,
        cm1_0.video_url,
        cm1_0.video_width 
    from
        community_media cm1_0 
    where
        cm1_0.is_active 
    order by
        cm1_0.display_order,
        cm1_0.id
2026-04-25T00:59:58.736+05:30 DEBUG 13708 --- [gadget69-catalog-backend] [io-8081-exec-20] m.m.a.RequestResponseBodyMethodProcessor : Using 'application/json', given [application/json, text/plain, */*] and supported [application/json, application/*+json]
2026-04-25T00:59:58.737+05:30 DEBUG 13708 --- [gadget69-catalog-backend] [io-8081-exec-20] m.m.a.RequestResponseBodyMethodProcessor : Writing [[CommunityMediaResponse[id=1, title=Premium Sound Experience, caption=Premium Sound Experience, medi (truncated)...]
2026-04-25T00:59:58.739+05:30 DEBUG 13708 --- [gadget69-catalog-backend] [io-8081-exec-20] o.s.web.servlet.DispatcherServlet        : Completed 200 OK
2026-04-25T00:59:58.917+05:30 DEBUG 13708 --- [gadget69-catalog-backend] [nio-8081-exec-4] o.s.web.servlet.DispatcherServlet        : GET "/api/reviews", parameters={}
2026-04-25T00:59:58.918+05:30 DEBUG 13708 --- [gadget69-catalog-backend] [nio-8081-exec-4] s.w.s.m.m.a.RequestMappingHandlerMapping : Mapped to com.gadget69.catalog.controller.PublicCatalogController#reviews()
2026-04-25T00:59:58.924+05:30 DEBUG 13708 --- [gadget69-catalog-backend] [nio-8081-exec-4] org.hibernate.SQL                        : 
    select
        r1_0.id,
        r1_0.avatar,
        r1_0.comment,
        r1_0.created_at,
        r1_0.name,
        r1_0.rating,
        r1_0.review_date,
        r1_0.updated_at 
    from
        reviews r1_0 
    order by
        r1_0.review_date desc,
        r1_0.id desc
2026-04-25T00:59:58.940+05:30 DEBUG 13708 --- [gadget69-catalog-backend] [nio-8081-exec-4] m.m.a.RequestResponseBodyMethodProcessor : Using 'application/json', given [application/json, text/plain, */*] and supported [application/json, application/*+json]
2026-04-25T00:59:58.942+05:30 DEBUG 13708 --- [gadget69-catalog-backend] [nio-8081-exec-4] m.m.a.RequestResponseBodyMethodProcessor : Writing [[ReviewResponse[id=1, name=Aarav Nair, rating=5, comment=Quick delivery, clean packaging, and the pr (truncated)...]
2026-04-25T00:59:58.943+05:30 DEBUG 13708 --- [gadget69-catalog-backend] [nio-8081-exec-4] o.s.web.servlet.DispatcherServlet        : Completed 200 OK
